title,year,duration,rating,director,movie_url
Your Name.,2016,1h 46min,8.4,Makoto Shinkai,https://www.imdb.com/title/tt5311514/
The Shawshank Redemption,1994,2h 22min,9.3,Frank Darabont,https://www.imdb.com/title/tt0111161/
Django Unchained,2012,2h 45min,8.4,Quentin Tarantino,https://www.imdb.com/title/tt1853728/
Dangal,2016,2h 41min,8.4,Nitesh Tiwari,https://www.imdb.com/title/tt5074352/
Coco,2017,1h 45min,8.4,Lee Unkrich,https://www.imdb.com/title/tt2380307/
Avengers: Infinity War,2018,2h 29min,8.4,Anthony Russo,https://www.imdb.com/title/tt4154756/
Spider-Man: Into the Spider-Verse,2018,1h 57min,8.4,Bob Persichetti,https://www.imdb.com/title/tt4633694/
Ayla: The Daughter of War,2017,2h 5min,8.4,Can Ulkay,https://www.imdb.com/title/tt6316138/
Capernaum,2018,2h 6min,8.4,Nadine Labaki,https://www.imdb.com/title/tt8267604/
Avengers: Endgame,2019,3h 1min,8.4,Anthony Russo,https://www.imdb.com/title/tt4154796/
City Lights,1931,1h 27min,8.5,Charles Chaplin,https://www.imdb.com/title/tt0021749/
Joker,2019,2h 2min,8.4,Todd Phillips,https://www.imdb.com/title/tt7286456/
Hamilton,2020,2h 40min,8.4,Thomas Kail,https://www.imdb.com/title/tt8503618/
Modern Times,1936,1h 27min,8.5,Charles Chaplin,https://www.imdb.com/title/tt0027977/
Vikram Vedha,2017,2h 27min,8.4,Gayatri,https://www.imdb.com/title/tt6148156/
Casablanca,1942,1h 42min,8.5,Michael Curtiz,https://www.imdb.com/title/tt0034583/
Amélie,2001,2h 2min,8.3,Jean-Pierre Jeunet,https://www.imdb.com/title/tt0211915/
Eternal Sunshine of the Spotless Mind,2004,1h 48min,8.3,Michel Gondry,https://www.imdb.com/title/tt0338013/
Inglourious Basterds,2009,2h 33min,8.3,Quentin Tarantino,https://www.imdb.com/title/tt0361748/
The Father,2020,1h 37min,8.3,Florian Zeller,https://www.imdb.com/title/tt10272386/
A Separation,2011,2h 3min,8.3,Asghar Farhadi,https://www.imdb.com/title/tt1832382/
Dara of Jasenovac,2020,2h 10min,8.3,Predrag Antonijevic,https://www.imdb.com/title/tt10554232/
Incendies,2010,2h 11min,8.3,Denis Villeneuve,https://www.imdb.com/title/tt1255953/
The Hunt,2012,1h 55min,8.3,Thomas Vinterberg,https://www.imdb.com/title/tt2106476/
Drishyam,2013,2h 40min,8.3,Jeethu Joseph,https://www.imdb.com/title/tt3417422/
Tumbbad,2018,1h 44min,8.3,Rahi Anil Barve,https://www.imdb.com/title/tt8239946/
My Father and My Son,2005,1h 52min,8.3,Cagan Irmak,https://www.imdb.com/title/tt0476735/
1917,2019,1h 59min,8.3,Sam Mendes,https://www.imdb.com/title/tt8579674/
Sunset Blvd.,1950,1h 50min,8.4,Billy Wilder,https://www.imdb.com/title/tt0043014/
Chhichhore,2019,2h 23min,8.3,Nitesh Tiwari,https://www.imdb.com/title/tt9052870/
Paths of Glory,1957,1h 28min,8.4,Stanley Kubrick,https://www.imdb.com/title/tt0050825/
The Great Dictator,1940,2h 5min,8.4,Charles Chaplin,https://www.imdb.com/title/tt0032553/
Witness for the Prosecution,1957,1h 56min,8.4,Billy Wilder,https://www.imdb.com/title/tt0051201/
High and Low,1963,2h 23min,8.4,Akira Kurosawa,https://www.imdb.com/title/tt0057565/
Alien,1979,1h 57min,8.4,Ridley Scott,https://www.imdb.com/title/tt0078748/
Dr. Strangelove or: How I Learned to Stop Worrying and Love the Bomb,1964,1h 35min,8.4,Stanley Kubrick,https://www.imdb.com/title/tt0057012/
The Shining,1980,2h 26min,8.4,Stanley Kubrick,https://www.imdb.com/title/tt0081505/
Apocalypse Now,1979,2h 27min,8.4,Francis Ford Coppola,https://www.imdb.com/title/tt0078788/
Indiana Jones and the Raiders of the Lost Ark,1981,1h 55min,8.4,Steven Spielberg,https://www.imdb.com/title/tt0082971/
Princess Mononoke,1997,2h 14min,8.4,Hayao Miyazaki,https://www.imdb.com/title/tt0119698/
Memento,2000,1h 53min,8.4,Christopher Nolan,https://www.imdb.com/title/tt0209144/
Oldboy,2003,1h 41min,8.4,Park Chan-Wook,https://www.imdb.com/title/tt0364569/
WALL·E,2008,1h 38min,8.4,Andrew Stanton,https://www.imdb.com/title/tt0910970/
"IMDb ""Top 1000""
(Sorted by IMDb Rating Descending)",,,,,"https://www.imdb.com/search/title/?groups=top_1000&sort=user_rating,desc&count=100&start=101"
The Lives of Others,2006,2h 17min,8.4,Florian Henckel von Donnersmarck,https://www.imdb.com/title/tt0405094/
Once Upon a Time in America,1984,3h 49min,8.4,Sergio Leone,https://www.imdb.com/title/tt0087843/
Once Upon a Time in the West,1968,2h 45min,8.5,Sergio Leone,https://www.imdb.com/title/tt0064116/
Like Stars on Earth,2007,2h 45min,8.4,Aamir Khan,https://www.imdb.com/title/tt0986264/
3 Idiots,2009,2h 50min,8.4,Rajkumar Hirani,https://www.imdb.com/title/tt1187043/
Rear Window,1954,1h 52min,8.5,Alfred Hitchcock,https://www.imdb.com/title/tt0047396/
Psycho,1960,1h 49min,8.5,Alfred Hitchcock,https://www.imdb.com/title/tt0054215/
Grave of the Fireflies,1988,1h 29min,8.5,Isao Takahata,https://www.imdb.com/title/tt0095327/
Cinema Paradiso,1988,2h 35min,8.5,Giuseppe Tornatore,https://www.imdb.com/title/tt0095765/
Back to the Future,1985,1h 56min,8.5,Robert Zemeckis,https://www.imdb.com/title/tt0088763/
Terminator 2: Judgment Day,1991,2h 17min,8.5,James Cameron,https://www.imdb.com/title/tt0103064/
The Dark Knight Rises,2012,2h 44min,8.4,Christopher Nolan,https://www.imdb.com/title/tt1345836/
Léon: The Professional,1994,1h 50min,8.5,Luc Besson,https://www.imdb.com/title/tt0110413/
The Lion King,1994,1h 28min,8.5,Roger Allers,https://www.imdb.com/title/tt0110357/
Demon Slayer: Mugen Train,2020,1h 57min,8.4,Haruo Sotozaki,https://www.imdb.com/title/tt11032374/
The Usual Suspects,1995,1h 46min,8.5,Bryan Singer,https://www.imdb.com/title/tt0114814/
Pink,2016,2h 16min,8.1,Aniruddha Roy Chowdhury,https://www.imdb.com/title/tt5571734/
Snatch,2000,1h 42min,8.3,Guy Ritchie,https://www.imdb.com/title/tt0208092/
Sherlock Jr.,1924,45min,8.2,Buster Keaton,https://www.imdb.com/title/tt0015324/
"Three Billboards Outside Ebbing, Missouri",2017,1h 55min,8.1,Martin McDonagh,https://www.imdb.com/title/tt5027774/
Portrait of a Lady on Fire,2019,2h 2min,8.1,Céline Sciamma,https://www.imdb.com/title/tt8613070/
The Gold Rush,1925,1h 35min,8.2,Charles Chaplin,https://www.imdb.com/title/tt0015864/
"IMDb ""Top 1000""
(Sorted by IMDb Rating Descending)",,,,,"https://www.imdb.com/search/title/?groups=top_1000&sort=user_rating,desc&count=100&start=201"
To Be or Not to Be,1942,1h 39min,8.2,Ernst Lubitsch,https://www.imdb.com/title/tt0035446/
Rashomon,1950,1h 28min,8.2,Akira Kurosawa,https://www.imdb.com/title/tt0042876/
Tokyo Story,1953,2h 16min,8.2,Yasujirô Ozu,https://www.imdb.com/title/tt0046438/
The Treasure of the Sierra Madre,1948,2h 6min,8.2,John Huston,https://www.imdb.com/title/tt0040897/
All About Eve,1950,2h 18min,8.2,Joseph L. Mankiewicz,https://www.imdb.com/title/tt0042192/
Dial M for Murder,1954,1h 45min,8.2,Alfred Hitchcock,https://www.imdb.com/title/tt0046912/
Yojimbo,1961,1h 50min,8.2,Akira Kurosawa,https://www.imdb.com/title/tt0055630/
The Seventh Seal,1957,1h 36min,8.2,Ingmar Bergman,https://www.imdb.com/title/tt0050976/
Some Like It Hot,1959,2h 1min,8.2,Billy Wilder,https://www.imdb.com/title/tt0053291/
The Great Escape,1963,2h 52min,8.2,John Sturges,https://www.imdb.com/title/tt0057115/
For a Few Dollars More,1965,2h 12min,8.2,Sergio Leone,https://www.imdb.com/title/tt0059578/
Chinatown,1974,2h 10min,8.2,Roman Polanski,https://www.imdb.com/title/tt0071315/
Wild Strawberries,1957,1h 31min,8.2,Ingmar Bergman,https://www.imdb.com/title/tt0050986/
Judgment at Nuremberg,1961,2h 59min,8.2,Stanley Kramer,https://www.imdb.com/title/tt0055031/
The Message,1976,2h 57min,8.2,Moustapha Akkad,https://www.imdb.com/title/tt0074896/
Sholay,1975,2h 42min,8.2,Ramesh Sippy,https://www.imdb.com/title/tt0073707/
Monty Python and the Holy Grail,1975,1h 31min,8.2,Terry Gilliam,https://www.imdb.com/title/tt0071853/
The Invisible Guest,2016,1h 46min,8.1,Oriol Paulo,https://www.imdb.com/title/tt4857264/
Stalker,1979,2h 42min,8.1,Andrei Tarkovsky,https://www.imdb.com/title/tt0079944/
Dil Chahta Hai,2001,3h 3min,8.1,Farhan Akhtar,https://www.imdb.com/title/tt0292490/
Cool Hand Luke,1967,2h 7min,8.1,Stuart Rosenberg,https://www.imdb.com/title/tt0061512/
Andrei Rublev,1966,3h 25min,8.1,Andrei Tarkovsky,https://www.imdb.com/title/tt0060107/
The Battle of Algiers,1966,2h 1min,8.1,Gillo Pontecorvo,https://www.imdb.com/title/tt0058946/
"IMDb ""Top 1000""
(Sorted by IMDb Rating Descending)",,,,,"https://www.imdb.com/search/title/?groups=top_1000&sort=user_rating,desc&count=100&start=301"
Le Samouraï,1967,1h 41min,8.1,Jean-Pierre Melville,https://www.imdb.com/title/tt0062229/
Autumn Sonata,1978,1h 39min,8.2,Ingmar Bergman,https://www.imdb.com/title/tt0077711/
Persona,1966,1h 23min,8.1,Ingmar Bergman,https://www.imdb.com/title/tt0060827/
Paper Moon,1973,1h 42min,8.1,Peter Bogdanovich,https://www.imdb.com/title/tt0070510/
Solaris,1972,2h 47min,8.1,Andrei Tarkovsky,https://www.imdb.com/title/tt0069293/
Network,1976,2h 1min,8.1,Sidney Lumet,https://www.imdb.com/title/tt0074958/
Cries & Whispers,1972,1h 31min,8.1,Ingmar Bergman,https://www.imdb.com/title/tt0069467/
Barry Lyndon,1975,3h 5min,8.1,Stanley Kubrick,https://www.imdb.com/title/tt0072684/
Mirror,1975,1h 47min,8.1,Andrei Tarkovsky,https://www.imdb.com/title/tt0072443/
The Deer Hunter,1978,3h 3min,8.1,Michael Cimino,https://www.imdb.com/title/tt0077416/
Rocky,1976,2h,8.1,John G. Avildsen,https://www.imdb.com/title/tt0075148/
Monty Python's Life of Brian,1979,1h 34min,8.1,Terry Jones,https://www.imdb.com/title/tt0079470/
The Elephant Man,1980,2h 4min,8.1,David Lynch,https://www.imdb.com/title/tt0080678/
Fanny and Alexander,1982,3h 8min,8.1,Ingmar Bergman,https://www.imdb.com/title/tt0083922/
Fitzcarraldo,1982,2h 38min,8.1,Werner Herzog,https://www.imdb.com/title/tt0083946/
The Thing,1982,1h 49min,8.1,John Carpenter,https://www.imdb.com/title/tt0084787/
Blade Runner,1982,1h 57min,8.1,Ridley Scott,https://www.imdb.com/title/tt0083658/
The Straight Story,1999,1h 52min,8,David Lynch,https://www.imdb.com/title/tt0166896/
The Tale of The Princess Kaguya,2013,2h 17min,8,Isao Takahata,https://www.imdb.com/title/tt2576852/
The Exterminating Angel,1962,1h 35min,8.1,Luis Buñuel,https://www.imdb.com/title/tt0056732/
Perfect Blue,1997,1h 21min,8,Satoshi Kon,https://www.imdb.com/title/tt0156887/
"IMDb ""Top 1000""
(Sorted by IMDb Rating Descending)",,,,,"https://www.imdb.com/search/title/?groups=top_1000&sort=user_rating,desc&count=100&start=401"
Central Station,1998,1h 50min,8,Walter Salles,https://www.imdb.com/title/tt0140888/
Donnie Darko,2001,1h 53min,8,Richard Kelly,https://www.imdb.com/title/tt0246578/
Magnolia,1999,3h 8min,8,Paul Thomas Anderson,https://www.imdb.com/title/tt0175880/
My Sassy Girl,2001,2h 17min,8,Jae-young Kwak,https://www.imdb.com/title/tt0293715/
Vizontele,2001,1h 50min,8,Yilmaz Erdogan,https://www.imdb.com/title/tt0270053/
Big Fish,2003,2h 5min,8,Tim Burton,https://www.imdb.com/title/tt0319061/
The Incredibles,2004,1h 55min,8,Brad Bird,https://www.imdb.com/title/tt0317705/
Pirates of the Caribbean: The Curse of the Black Pearl,2003,2h 23min,8,Gore Verbinski,https://www.imdb.com/title/tt0325980/
Dancer in the Dark,2000,2h 20min,8,Lars von Trier,https://www.imdb.com/title/tt0168629/
The Sea Inside,2004,2h 6min,8,Alejandro Amenábar,https://www.imdb.com/title/tt0369702/
Infernal Affairs,2002,1h 41min,8,Andrew Lau,https://www.imdb.com/title/tt0338564/
"Spring, Summer, Fall, Winter... and Spring",2003,1h 43min,8,Kim Ki-duk,https://www.imdb.com/title/tt0374546/
Cinderella Man,2005,2h 24min,8,Ron Howard,https://www.imdb.com/title/tt0352248/
Kill Bill: Vol. 2,2004,2h 17min,8,Quentin Tarantino,https://www.imdb.com/title/tt0378194/
The Return,2003,1h 50min,8,Andrey Zvyagintsev,https://www.imdb.com/title/tt0376968/
Dogville,2003,2h 58min,8,Lars von Trier,https://www.imdb.com/title/tt0276919/
"IMDb ""Top 1000""
(Sorted by IMDb Rating Descending)",,,,,"https://www.imdb.com/search/title/?groups=top_1000&sort=user_rating,desc&count=100&start=501"
Boyhood,2014,2h 45min,7.9,Richard Linklater,https://www.imdb.com/title/tt1065073/
District 9,2009,1h 52min,7.9,Neill Blomkamp,https://www.imdb.com/title/tt1136608/
The Wrestler,2008,1h 49min,7.9,Darren Aronofsky,https://www.imdb.com/title/tt1125849/
Jab We Met,2007,2h 18min,7.9,Imtiaz Ali,https://www.imdb.com/title/tt1093370/
A Prophet,2009,2h 35min,7.9,Jacques Audiard,https://www.imdb.com/title/tt1235166/
Amour,2012,2h 7min,7.9,Michael Haneke,https://www.imdb.com/title/tt1602620/
Let the Right One In,2008,1h 54min,7.9,Tomas Alfredson,https://www.imdb.com/title/tt1139797/
Edge of Tomorrow,2014,1h 53min,7.9,Doug Liman,https://www.imdb.com/title/tt1631867/
The Perks of Being a Wallflower,2012,1h 43min,7.9,Stephen Chbosky,https://www.imdb.com/title/tt1659337/
The Artist,2011,1h 40min,7.9,Michel Hazanavicius,https://www.imdb.com/title/tt1655442/
Bohemian Rhapsody,2018,2h 14min,7.9,Bryan Singer,https://www.imdb.com/title/tt1727824/
Once Upon a Time in Anatolia,2011,2h 37min,7.9,Nuri Bilge Ceylan,https://www.imdb.com/title/tt1827487/
Before Midnight,2013,1h 49min,7.9,Richard Linklater,https://www.imdb.com/title/tt2209418/
Arrival,2016,1h 56min,7.9,Denis Villeneuve,https://www.imdb.com/title/tt2543164/
Loving Vincent,2017,1h 34min,7.8,Dorota Kobiela,https://www.imdb.com/title/tt3262342/
Harold and Maude,1971,1h 31min,7.9,Hal Ashby,https://www.imdb.com/title/tt0067185/
X-Men: Days of Future Past,2014,2h 12min,7.9,Bryan Singer,https://www.imdb.com/title/tt1877832/
Jojo Rabbit,2019,1h 48min,7.9,Taika Waititi,https://www.imdb.com/title/tt2584384/
"IMDb ""Top 1000""
(Sorted by IMDb Rating Descending)",,,,,"https://www.imdb.com/search/title/?groups=top_1000&sort=user_rating,desc&count=100&start=601"
Star Wars: Episode VII - The Force Awakens,2015,2h 18min,7.8,J.J. Abrams,https://www.imdb.com/title/tt2488496/
Nightcrawler,2014,1h 57min,7.8,Dan Gilroy,https://www.imdb.com/title/tt2872718/
Pride,2014,1h 59min,7.8,Matthew Warchus,https://www.imdb.com/title/tt3169706/
Little Women,2019,2h 15min,7.8,Greta Gerwig,https://www.imdb.com/title/tt3281548/
Captain America: Civil War,2016,2h 27min,7.8,Anthony Russo,https://www.imdb.com/title/tt3498820/
Land of Mine,2015,1h 40min,7.8,Martin Zandvliet,https://www.imdb.com/title/tt3841424/
The Hateful Eight,2015,2h 48min,7.8,Quentin Tarantino,https://www.imdb.com/title/tt3460252/
Manchester by the Sea,2016,2h 17min,7.8,Kenneth Lonergan,https://www.imdb.com/title/tt4034228/
Rogue One: A Star Wars Story,2016,2h 13min,7.8,Gareth Edwards,https://www.imdb.com/title/tt3748528/
Perfect Strangers,2016,1h 36min,7.8,Paolo Genovese,https://www.imdb.com/title/tt4901306/
Paddington 2,2017,1h 43min,7.8,Paul King,https://www.imdb.com/title/tt4468740/
Udta Punjab,2016,2h 28min,7.8,Abhishek Chaubey,https://www.imdb.com/title/tt4434004/
Kubo and the Two Strings,2016,1h 41min,7.8,Travis Knight,https://www.imdb.com/title/tt4302938/
Dunkirk,2017,1h 46min,7.8,Christopher Nolan,https://www.imdb.com/title/tt5013056/
Hidden Figures,2016,2h 7min,7.8,Theodore Melfi,https://www.imdb.com/title/tt4846340/
The Great Beauty,2013,2h 21min,7.8,Paolo Sorrentino,https://www.imdb.com/title/tt2358891/
The Salesman,2016,2h 4min,7.8,Asghar Farhadi,https://www.imdb.com/title/tt5186714/
The Day of the Jackal,1973,2h 23min,7.8,Fred Zinnemann,https://www.imdb.com/title/tt0069947/
Fantastic Planet,1973,1h 12min,7.8,René Laloux,https://www.imdb.com/title/tt0070544/
The Outlaw Josey Wales,1976,2h 15min,7.8,Clint Eastwood,https://www.imdb.com/title/tt0075029/
"IMDb ""Top 1000""
(Sorted by IMDb Rating Descending)",,,,,"https://www.imdb.com/search/title/?groups=top_1000&sort=user_rating,desc&count=100&start=701"
Kramer vs. Kramer,1979,1h 45min,7.8,Robert Benton,https://www.imdb.com/title/tt0079417/
The Man Who Would Be King,1975,2h 9min,7.8,John Huston,https://www.imdb.com/title/tt0073341/
The Conversation,1974,1h 53min,7.8,Francis Ford Coppola,https://www.imdb.com/title/tt0071360/
Days of Heaven,1978,1h 34min,7.8,Terrence Malick,https://www.imdb.com/title/tt0077405/
The King of Comedy,1982,1h 49min,7.8,Martin Scorsese,https://www.imdb.com/title/tt0085794/
The Right Stuff,1983,3h 13min,7.8,Philip Kaufman,https://www.imdb.com/title/tt0086197/
The Color Purple,1985,2h 34min,7.8,Steven Spielberg,https://www.imdb.com/title/tt0088939/
The Goonies,1985,1h 54min,7.8,Richard Donner,https://www.imdb.com/title/tt0089218/
Ghostbusters,1984,1h 45min,7.8,Ivan Reitman,https://www.imdb.com/title/tt0087332/
The Breakfast Club,1985,1h 37min,7.8,John Hughes,https://www.imdb.com/title/tt0088847/
E.T. the Extra-Terrestrial,1982,1h 55min,7.8,Steven Spielberg,https://www.imdb.com/title/tt0083866/
The Killing Fields,1984,2h 21min,7.8,Roland Joffé,https://www.imdb.com/title/tt0087553/
Predator,1987,1h 47min,7.8,John McTiernan,https://www.imdb.com/title/tt0093773/
Badlands,1973,1h 34min,7.8,Terrence Malick,https://www.imdb.com/title/tt0069762/
Ferris Bueller's Day Off,1986,1h 43min,7.8,John Hughes,https://www.imdb.com/title/tt0091042/
Mississippi Burning,1988,2h 8min,7.8,Alan Parker,https://www.imdb.com/title/tt0095647/
Black Hawk Down,2001,2h 24min,7.7,Ridley Scott,https://www.imdb.com/title/tt0265086/
Back to the Future Part II,1989,1h 48min,7.8,Robert Zemeckis,https://www.imdb.com/title/tt0096874/
"IMDb ""Top 1000""
(Sorted by IMDb Rating Descending)",,,,,"https://www.imdb.com/search/title/?groups=top_1000&sort=user_rating,desc&count=100&start=801"
Adaptation.,2002,1h 55min,7.7,Spike Jonze,https://www.imdb.com/title/tt0268126/
Good Bye Lenin!,2003,2h 1min,7.7,Wolfgang Becker,https://www.imdb.com/title/tt0301357/
In America,2002,1h 45min,7.7,Jim Sheridan,https://www.imdb.com/title/tt0298845/
The Last Samurai,2003,2h 34min,7.7,Edward Zwick,https://www.imdb.com/title/tt0325710/
Man on Fire,2004,2h 26min,7.7,Tony Scott,https://www.imdb.com/title/tt0328107/
Finding Neverland,2004,1h 46min,7.7,Marc Forster,https://www.imdb.com/title/tt0308644/
Coraline,2009,1h 40min,7.7,Henry Selick,https://www.imdb.com/title/tt0327597/
The Magdalene Sisters,2002,1h 54min,7.7,Peter Mullan,https://www.imdb.com/title/tt0318411/
Harry Potter and the Goblet of Fire,2005,2h 37min,7.7,Mike Newell,https://www.imdb.com/title/tt0330373/
Lost in Translation,2003,1h 42min,7.7,Sofia Coppola,https://www.imdb.com/title/tt0335266/
The Machinist,2004,1h 41min,7.7,Brad Anderson,https://www.imdb.com/title/tt0361862/
Ray,2004,2h 32min,7.7,Taylor Hackford,https://www.imdb.com/title/tt0350258/
The Bourne Supremacy,2004,1h 48min,7.7,Paul Greengrass,https://www.imdb.com/title/tt0372183/
3:10 to Yuma,2007,2h 2min,7.7,James Mangold,https://www.imdb.com/title/tt0381849/
Kung Fu Hustle,2004,1h 39min,7.7,Stephen Chow,https://www.imdb.com/title/tt0373074/
Crash,2004,1h 52min,7.7,Paul Haggis,https://www.imdb.com/title/tt0375679/
Brokeback Mountain,2005,2h 14min,7.7,Ang Lee,https://www.imdb.com/title/tt0388795/
Victoria,2015,2h 18min,7.6,Sebastian Schipper,https://www.imdb.com/title/tt4226388/
Gifted,2017,1h 41min,7.6,Marc Webb,https://www.imdb.com/title/tt4481414/
Just Mercy,2019,2h 17min,7.6,Destin Daniel Cretton,https://www.imdb.com/title/tt4916630/
"IMDb ""Top 1000""
(Sorted by IMDb Rating Descending)",,,,,"https://www.imdb.com/search/title/?groups=top_1000&sort=user_rating,desc&count=100&start=901"
Loveless,2017,2h 7min,7.6,Andrey Zvyagintsev,https://www.imdb.com/title/tt6304162/
The Florida Project,2017,1h 51min,7.6,Sean Baker,https://www.imdb.com/title/tt5649144/
The Peanut Butter Falcon,2019,1h 37min,7.6,Tyler Nilson,https://www.imdb.com/title/tt4364194/
Searching,2018,1h 42min,7.6,Aneesh Chaganty,https://www.imdb.com/title/tt7668870/
Once Upon a Time... In Hollywood,2019,2h 41min,7.6,Quentin Tarantino,https://www.imdb.com/title/tt7131622/
Dark Waters,2019,2h 6min,7.6,Todd Haynes,https://www.imdb.com/title/tt9071322/
Gilda,1946,1h 50min,7.7,Charles Vidor,https://www.imdb.com/title/tt0038559/
The Day the Earth Stood Still,1951,1h 32min,7.7,Robert Wise,https://www.imdb.com/title/tt0043456/
The Invisible Man,1933,1h 11min,7.7,James Whale,https://www.imdb.com/title/tt0024184/
The 39 Steps,1935,1h 26min,7.7,Alfred Hitchcock,https://www.imdb.com/title/tt0026029/
Fantasia,1940,2h 5min,7.7,James Algar,https://www.imdb.com/title/tt0032455/
Sabrina,1954,1h 53min,7.7,Billy Wilder,https://www.imdb.com/title/tt0047437/
The Ladykillers,1955,1h 31min,7.7,Alexander Mackendrick,https://www.imdb.com/title/tt0048281/
The Magnificent Seven,1960,2h 8min,7.7,John Sturges,https://www.imdb.com/title/tt0054047/
Invasion of the Body Snatchers,1956,1h 20min,7.7,Don Siegel,https://www.imdb.com/title/tt0049366/
Lifeboat,1944,1h 37min,7.6,Alfred Hitchcock,https://www.imdb.com/title/tt0037017/
Peeping Tom,1960,1h 41min,7.7,Michael Powell,https://www.imdb.com/title/tt0054167/
Shane,1953,1h 58min,7.6,George Stevens,https://www.imdb.com/title/tt0046303/
From Here to Eternity,1953,1h 58min,7.6,Fred Zinnemann,https://www.imdb.com/title/tt0045793/
Breakfast at Tiffany's,1961,1h 55min,7.6,Blake Edwards,https://www.imdb.com/title/tt0054698/
Giant,1956,3h 21min,7.6,George Stevens,https://www.imdb.com/title/tt0049261/
The Jungle Book,1967,1h 18min,7.6,Wolfgang Reitherman,https://www.imdb.com/title/tt0061852/
Where Eagles Dare,1968,2h 38min,7.6,Brian G. Hutton,https://www.imdb.com/title/tt0065207/
A Hard Day's Night,1964,1h 27min,7.6,Richard Lester,https://www.imdb.com/title/tt0058182/
Rebel Without a Cause,1955,1h 51min,7.7,Nicholas Ray,https://www.imdb.com/title/tt0048545/
Kelly's Heroes,1970,2h 24min,7.6,Brian G. Hutton,https://www.imdb.com/title/tt0065938/
Eyes Without a Face,1960,1h 30min,7.7,Georges Franju,https://www.imdb.com/title/tt0053459/
The Long Goodbye,1973,1h 52min,7.6,Robert Altman,https://www.imdb.com/title/tt0070334/
"Duck, You Sucker!",1971,2h 18min,7.6,Sergio Leone,https://www.imdb.com/title/tt0067140/
Watership Down,1978,1h 31min,7.6,Martin Rosen,https://www.imdb.com/title/tt0078480/
Escape from Alcatraz,1979,1h 52min,7.6,Don Siegel,https://www.imdb.com/title/tt0079116/
Close Encounters of the Third Kind,1977,2h 18min,7.6,Steven Spielberg,https://www.imdb.com/title/tt0075860/
The Warriors,1979,1h 32min,7.6,Walter Hill,https://www.imdb.com/title/tt0080120/
The Muppet Movie,1979,1h 35min,7.6,James Frawley,https://www.imdb.com/title/tt0079588/
Mad Max 2: The Road Warrior,1981,1h 36min,7.6,George Miller,https://www.imdb.com/title/tt0082694/
On Golden Pond,1981,1h 49min,7.6,Mark Rydell,https://www.imdb.com/title/tt0082846/
Blood Simple,1984,1h 39min,7.6,Joel Coen,https://www.imdb.com/title/tt0086979/
The Naked Gun: From the Files of Police Squad!,1988,1h 25min,7.6,David Zucker,https://www.imdb.com/title/tt0095705/
The Hunt for Red October,1990,2h 15min,7.6,John McTiernan,https://www.imdb.com/title/tt0099810/
Lethal Weapon,1987,1h 49min,7.6,Richard Donner,https://www.imdb.com/title/tt0093409/
Withnail & I,1987,1h 47min,7.6,Bruce Robinson,https://www.imdb.com/title/tt0094336/
When Harry Met Sally...,1989,1h 35min,7.6,Rob Reiner,https://www.imdb.com/title/tt0098635/
Home Alone,1990,1h 43min,7.6,Chris Columbus,https://www.imdb.com/title/tt0099785/
Delicatessen,1991,1h 39min,7.6,Marc Caro,https://www.imdb.com/title/tt0101700/
My Cousin Vinny,1992,2h,7.6,Jonathan Lynn,https://www.imdb.com/title/tt0104952/
Three Colors: White,1994,1h 32min,7.6,Krzysztof Kieslowski,https://www.imdb.com/title/tt0111507/
Only Yesterday,1991,1h 58min,7.6,Isao Takahata,https://www.imdb.com/title/tt0102587/
Dazed and Confused,1993,1h 42min,7.6,Richard Linklater,https://www.imdb.com/title/tt0106677/
Apollo 13,1995,2h 20min,7.6,Ron Howard,https://www.imdb.com/title/tt0112384/
The Bridges of Madison County,1995,2h 15min,7.6,Clint Eastwood,https://www.imdb.com/title/tt0112579/
The Godfather: Part III,1990,2h 42min,7.6,Francis Ford Coppola,https://www.imdb.com/title/tt0099674/
Dark City,1998,1h 40min,7.6,Alex Proyas,https://www.imdb.com/title/tt0118929/
Lost Highway,1997,2h 14min,7.6,David Lynch,https://www.imdb.com/title/tt0116922/
Mulan,1998,1h 28min,7.6,Tony Bancroft,https://www.imdb.com/title/tt0120762/
Fear and Loathing in Las Vegas,1998,1h 58min,7.6,Terry Gilliam,https://www.imdb.com/title/tt0120669/
The Thin Red Line,1998,2h 50min,7.6,Terrence Malick,https://www.imdb.com/title/tt0120863/
American Psycho,2000,1h 41min,7.6,Mary Harron,https://www.imdb.com/title/tt0144084/
Minority Report,2002,2h 25min,7.6,Steven Spielberg,https://www.imdb.com/title/tt0181689/
Traffic,2000,2h 27min,7.6,Steven Soderbergh,https://www.imdb.com/title/tt0181865/
The Others,2001,1h 44min,7.6,Alejandro Amenábar,https://www.imdb.com/title/tt0230600/
Y Tu Mamá También,2001,1h 46min,7.6,Alfonso Cuarón,https://www.imdb.com/title/tt0245574/
Harry Potter and the Sorcerer's Stone,2001,2h 32min,7.6,Chris Columbus,https://www.imdb.com/title/tt0241527/
Enemy at the Gates,2001,2h 11min,7.6,Jean-Jacques Annaud,https://www.imdb.com/title/tt0215750/
The Royal Tenenbaums,2001,1h 50min,7.6,Wes Anderson,https://www.imdb.com/title/tt0265666/
Die Hard with a Vengeance,1995,2h 8min,7.6,John McTiernan,https://www.imdb.com/title/tt0112864/
Battle Royale,2000,1h 54min,7.6,Kinji Fukasaku,https://www.imdb.com/title/tt0266308/
I Am Sam,2001,2h 12min,7.6,Jessie Nelson,https://www.imdb.com/title/tt0277027/
21 Grams,2003,2h 4min,7.6,Alejandro G. Iñárritu,https://www.imdb.com/title/tt0315733/
25th Hour,2002,2h 15min,7.6,Spike Lee,https://www.imdb.com/title/tt0307901/
The Butterfly Effect,2004,1h 53min,7.6,Eric Bress,https://www.imdb.com/title/tt0289879/
The Station Agent,2003,1h 29min,7.6,Tom McCarthy,https://www.imdb.com/title/tt0340377/
A Very Long Engagement,2004,2h 13min,7.6,Jean-Pierre Jeunet,https://www.imdb.com/title/tt0344510/
Sympathy for Mr. Vengeance,2002,2h 9min,7.6,Park Chan-Wook,https://www.imdb.com/title/tt0310775/
Mysterious Skin,2004,1h 45min,7.6,Gregg Araki,https://www.imdb.com/title/tt0370986/
Lord of War,2005,2h 2min,7.6,Andrew Niccol,https://www.imdb.com/title/tt0399295/
Saw,2004,1h 43min,7.6,James Wan,https://www.imdb.com/title/tt0387564/
Match Point,2005,2h 4min,7.6,Woody Allen,https://www.imdb.com/title/tt0416320/
Dead Man's Shoes,2004,1h 30min,7.6,Shane Meadows,https://www.imdb.com/title/tt0419677/
300,2006,1h 57min,7.6,Zack Snyder,https://www.imdb.com/title/tt0416449/
The Illusionist,2006,1h 50min,7.6,Neil Burger,https://www.imdb.com/title/tt0443543/
Watchmen,2009,2h 42min,7.6,Zack Snyder,https://www.imdb.com/title/tt0409459/
Harry Potter and the Half-Blood Prince,2009,2h 33min,7.6,David Yates,https://www.imdb.com/title/tt0417741/
Fearless,2006,1h 44min,7.6,Ronny Yu,https://www.imdb.com/title/tt0446059/
La Vie En Rose,2007,2h 20min,7.6,Olivier Dahan,https://www.imdb.com/title/tt0450188/
Inside Man,2006,2h 9min,7.6,Spike Lee,https://www.imdb.com/title/tt0454848/
Gone Baby Gone,2007,1h 54min,7.6,Ben Affleck,https://www.imdb.com/title/tt0452623/
The Secret of Kells,2009,1h 15min,7.6,Tomm Moore,https://www.imdb.com/title/tt0485601/
Stardust,2007,2h 7min,7.6,Matthew Vaughn,https://www.imdb.com/title/tt0486655/
Eastern Promises,2007,1h 40min,7.6,David Cronenberg,https://www.imdb.com/title/tt0765443/
Seven Pounds,2008,2h 3min,7.6,Gabriele Muccino,https://www.imdb.com/title/tt0814314/
The Blind Side,2009,2h 9min,7.6,John Lee Hancock,https://www.imdb.com/title/tt0878804/
The Visitor,2007,1h 44min,7.6,Tom McCarthy,https://www.imdb.com/title/tt0857191/
The Wave,2008,1h 47min,7.6,Dennis Gansel,https://www.imdb.com/title/tt1063669/
Sherlock Holmes,2009,2h 8min,7.6,Guy Ritchie,https://www.imdb.com/title/tt0988045/
The Skin I Live In,2011,2h,7.6,Pedro Almodóvar,https://www.imdb.com/title/tt1189073/
Celda 211,2009,1h 53min,7.6,Daniel Monzón,https://www.imdb.com/title/tt1242422/
Moneyball,2011,2h 13min,7.6,Bennett Miller,https://www.imdb.com/title/tt1210166/
50/50,2011,1h 40min,7.6,Jonathan Levine,https://www.imdb.com/title/tt1306980/
Kick-Ass,2010,1h 57min,7.6,Matthew Vaughn,https://www.imdb.com/title/tt1250777/
In a Better World,2010,1h 58min,7.6,Susanne Bier,https://www.imdb.com/title/tt1340107/
Despicable Me,2010,1h 35min,7.6,Pierre Coffin,https://www.imdb.com/title/tt1323594/
Zombieland,2009,1h 28min,7.6,Ruben Fleischer,https://www.imdb.com/title/tt1156398/
True Grit,2010,1h 50min,7.6,Ethan Coen,https://www.imdb.com/title/tt1403865/
A Star Is Born,2018,2h 16min,7.6,Bradley Cooper,https://www.imdb.com/title/tt1517451/
Leviathan,2014,2h 20min,7.6,Andrey Zvyagintsev,https://www.imdb.com/title/tt2802154/
The Raid: Redemption,2011,1h 41min,7.6,Gareth Evans,https://www.imdb.com/title/tt1899353/
Philomena,2013,1h 38min,7.6,Stephen Frears,https://www.imdb.com/title/tt2431286/
End of Watch,2012,1h 49min,7.6,David Ayer,https://www.imdb.com/title/tt1855199/
The Body,2012,1h 52min,7.6,Oriol Paulo,https://www.imdb.com/title/tt1937149/
Hell or High Water,2016,1h 42min,7.6,David Mackenzie,https://www.imdb.com/title/tt2582782/
Bridge of Spies,2015,2h 22min,7.6,Steven Spielberg,https://www.imdb.com/title/tt3682448/
Sicario,2015,2h 1min,7.6,Denis Villeneuve,https://www.imdb.com/title/tt3397884/
Incredibles 2,2018,1h 58min,7.6,Brad Bird,https://www.imdb.com/title/tt3606756/
Moana,2016,1h 47min,7.6,Ron Clements,https://www.imdb.com/title/tt3521164/
Creed,2015,2h 13min,7.6,Ryan Coogler,https://www.imdb.com/title/tt3076658/
Only the Brave,2017,2h 14min,7.6,Joseph Kosinski,https://www.imdb.com/title/tt3829920/
Guardians of the Galaxy Vol. 2,2017,2h 16min,7.6,James Gunn,https://www.imdb.com/title/tt3896198/
Goldfinger,1964,1h 50min,7.7,Guy Hamilton,https://www.imdb.com/title/tt0058150/
Baby Driver,2017,1h 53min,7.6,Edgar Wright,https://www.imdb.com/title/tt3890160/
Cape Fear,1962,1h 46min,7.7,J. Lee Thompson,https://www.imdb.com/title/tt0055824/
The Birds,1963,1h 59min,7.7,Alfred Hitchcock,https://www.imdb.com/title/tt0056869/
Repulsion,1965,1h 45min,7.7,Roman Polanski,https://www.imdb.com/title/tt0059646/
A Man for All Seasons,1966,2h,7.7,Fred Zinnemann,https://www.imdb.com/title/tt0060665/
Zulu,1964,2h 18min,7.7,Cy Endfield,https://www.imdb.com/title/tt0058777/
The Dirty Dozen,1967,2h 30min,7.7,Robert Aldrich,https://www.imdb.com/title/tt0061578/
The Odd Couple,1968,1h 45min,7.7,Gene Saks,https://www.imdb.com/title/tt0063374/
Belle de Jour,1967,1h 40min,7.7,Luis Buñuel,https://www.imdb.com/title/tt0061395/
The French Connection,1971,1h 44min,7.7,William Friedkin,https://www.imdb.com/title/tt0067116/
Dirty Harry,1971,1h 42min,7.7,Don Siegel,https://www.imdb.com/title/tt0066999/
Deliverance,1972,1h 49min,7.7,John Boorman,https://www.imdb.com/title/tt0068473/
Enter the Dragon,1973,1h 42min,7.7,Robert Clouse,https://www.imdb.com/title/tt0070034/
Serpico,1973,2h 10min,7.7,Sidney Lumet,https://www.imdb.com/title/tt0070666/
Love and Death,1975,1h 25min,7.7,Woody Allen,https://www.imdb.com/title/tt0073312/
Blazing Saddles,1974,1h 33min,7.7,Mel Brooks,https://www.imdb.com/title/tt0071230/
The Tenant,1976,2h 6min,7.7,Roman Polanski,https://www.imdb.com/title/tt0074811/
Halloween,1978,1h 31min,7.7,John Carpenter,https://www.imdb.com/title/tt0077651/
The Taking of Pelham One Two Three,1974,1h 44min,7.7,Joseph Sargent,https://www.imdb.com/title/tt0072251/
Lupin the Third: Castle of Cagliostro,1979,1h 42min,7.7,Hayao Miyazaki,https://www.imdb.com/title/tt0079833/
Airplane!,1980,1h 28min,7.7,Jim Abrahams,https://www.imdb.com/title/tt0080339/
Ordinary People,1980,2h 4min,7.7,Robert Redford,https://www.imdb.com/title/tt0081283/
Star Trek II: The Wrath of Khan,1982,1h 53min,7.7,Nicholas Meyer,https://www.imdb.com/title/tt0084726/
First Blood,1982,1h 33min,7.7,Ted Kotcheff,https://www.imdb.com/title/tt0083944/
The Purple Rose of Cairo,1985,1h 22min,7.7,Woody Allen,https://www.imdb.com/title/tt0089853/
The Name of the Rose,1986,2h 10min,7.7,Jean-Jacques Annaud,https://www.imdb.com/title/tt0091605/
The Verdict,1982,2h 9min,7.7,Sidney Lumet,https://www.imdb.com/title/tt0084855/
After Hours,1985,1h 37min,7.7,Martin Scorsese,https://www.imdb.com/title/tt0088680/
Zelig,1983,1h 19min,7.7,Woody Allen,https://www.imdb.com/title/tt0086637/
Blue Velvet,1986,2h,7.7,David Lynch,https://www.imdb.com/title/tt0090756/
Down by Law,1986,1h 47min,7.7,Jim Jarmusch,https://www.imdb.com/title/tt0090967/
The Last Emperor,1987,2h 43min,7.7,Bernardo Bertolucci,https://www.imdb.com/title/tt0093389/
Empire of the Sun,1987,2h 33min,7.7,Steven Spielberg,https://www.imdb.com/title/tt0092965/
Fried Green Tomatoes,1991,2h 10min,7.7,Jon Avnet,https://www.imdb.com/title/tt0101921/
Night on Earth,1991,2h 9min,7.7,Jim Jarmusch,https://www.imdb.com/title/tt0102536/
Evil Dead II,1987,1h 24min,7.7,Sam Raimi,https://www.imdb.com/title/tt0092991/
Who Framed Roger Rabbit,1988,1h 44min,7.7,Robert Zemeckis,https://www.imdb.com/title/tt0096438/
Miller's Crossing,1990,1h 55min,7.7,Joel Coen,https://www.imdb.com/title/tt0100150/
The Vanishing,1988,1h 47min,7.7,George Sluizer,https://www.imdb.com/title/tt0096163/
Barton Fink,1991,1h 56min,7.7,Joel Coen,https://www.imdb.com/title/tt0101410/
A Few Good Men,1992,2h 18min,7.7,Rob Reiner,https://www.imdb.com/title/tt0104257/
Glengarry Glen Ross,1992,1h 40min,7.7,James Foley,https://www.imdb.com/title/tt0104348/
The Last of the Mohicans,1992,1h 52min,7.7,Michael Mann,https://www.imdb.com/title/tt0104691/
Porco Rosso,1992,1h 34min,7.7,Hayao Miyazaki,https://www.imdb.com/title/tt0104652/
Short Cuts,1993,3h 8min,7.7,Robert Altman,https://www.imdb.com/title/tt0108122/
The Muppet Christmas Carol,1992,1h 25min,7.7,Brian Henson,https://www.imdb.com/title/tt0104940/
Philadelphia,1993,2h 5min,7.7,Jonathan Demme,https://www.imdb.com/title/tt0107818/
What's Eating Gilbert Grape,1993,1h 58min,7.7,Lasse Hallström,https://www.imdb.com/title/tt0108550/
Malcolm X,1992,3h 22min,7.7,Spike Lee,https://www.imdb.com/title/tt0104797/
Fallen Angels,1995,1h 39min,7.7,Kar-Wai Wong,https://www.imdb.com/title/tt0112913/
A Little Princess,1995,1h 37min,7.7,Alfonso Cuarón,https://www.imdb.com/title/tt0113670/
Clerks,1994,1h 32min,7.7,Kevin Smith,https://www.imdb.com/title/tt0109445/
The Postman,1994,1h 48min,7.7,Michael Radford,https://www.imdb.com/title/tt0110877/
Hamlet,1996,4h 2min,7.7,Kenneth Branagh,https://www.imdb.com/title/tt0116477/
Primal Fear,1996,2h 9min,7.7,Gregory Hoblit,https://www.imdb.com/title/tt0117381/
Shine,1996,1h 45min,7.7,Scott Hicks,https://www.imdb.com/title/tt0117631/
Sense and Sensibility,1995,2h 16min,7.7,Ang Lee,https://www.imdb.com/title/tt0114388/
Le Dîner de Cons,1998,1h 20min,7.7,Francis Veber,https://www.imdb.com/title/tt0119038/
The Fifth Element,1997,2h 6min,7.7,Luc Besson,https://www.imdb.com/title/tt0119116/
Donnie Brasco,1997,2h 7min,7.7,Mike Newell,https://www.imdb.com/title/tt0119008/
Taste of Cherry,1997,1h 35min,7.7,Abbas Kiarostami,https://www.imdb.com/title/tt0120265/
As Good as It Gets,1997,2h 19min,7.7,James L. Brooks,https://www.imdb.com/title/tt0119822/
Being John Malkovich,1999,1h 53min,7.7,Spike Jonze,https://www.imdb.com/title/tt0120601/
Open Your Eyes,1997,1h 59min,7.7,Alejandro Amenábar,https://www.imdb.com/title/tt0125659/
Rushmore,1998,1h 33min,7.7,Wes Anderson,https://www.imdb.com/title/tt0128445/
Happiness,1998,2h 14min,7.7,Todd Solondz,https://www.imdb.com/title/tt0147612/
Run Lola Run,1998,1h 20min,7.7,Tom Tykwer,https://www.imdb.com/title/tt0130827/
Training Day,2001,2h 2min,7.7,Antoine Fuqua,https://www.imdb.com/title/tt0139654/
"South Park: Bigger, Longer & Uncut",1999,1h 21min,7.7,Trey Parker,https://www.imdb.com/title/tt0158983/
Office Space,1999,1h 29min,7.7,Mike Judge,https://www.imdb.com/title/tt0151804/
"O Brother, Where Art Thou?",2000,1h 47min,7.7,Joel Coen,https://www.imdb.com/title/tt0190590/
Vampire Hunter D: Bloodlust,2000,1h 43min,7.7,Jack Fletcher,https://www.imdb.com/title/tt0216651/
Interstate 60: Episodes of the Road,2002,1h 56min,7.7,Bob Gale,https://www.imdb.com/title/tt0165832/
Ocean's Eleven,2001,1h 56min,7.7,Steven Soderbergh,https://www.imdb.com/title/tt0240772/
The Count of Monte Cristo,2002,2h 11min,7.7,Kevin Reynolds,https://www.imdb.com/title/tt0245844/
Billy Elliot,2000,1h 50min,7.7,Stephen Daldry,https://www.imdb.com/title/tt0249462/
Hedwig and the Angry Inch,2001,1h 35min,7.7,John Cameron Mitchell,https://www.imdb.com/title/tt0248845/
The Experiment,2001,2h,7.7,Oliver Hirschbiegel,https://www.imdb.com/title/tt0250258/
Road to Perdition,2002,1h 57min,7.7,Sam Mendes,https://www.imdb.com/title/tt0257044/
Black Book,2006,2h 25min,7.7,Paul Verhoeven,https://www.imdb.com/title/tt0389557/
Control,2007,2h 2min,7.7,Anton Corbijn,https://www.imdb.com/title/tt0421082/
Tangled,2010,1h 40min,7.7,Nathan Greno,https://www.imdb.com/title/tt0398286/
Lucky Number Slevin,2006,1h 50min,7.7,Paul McGuigan,https://www.imdb.com/title/tt0425210/
Joyeux Noel,2005,1h 56min,7.7,Christian Carion,https://www.imdb.com/title/tt0424205/
Zodiac,2007,2h 37min,7.7,David Fincher,https://www.imdb.com/title/tt0443706/
The Last King of Scotland,2006,2h 3min,7.7,Kevin Macdonald,https://www.imdb.com/title/tt0455590/
This Is England,2006,1h 41min,7.7,Shane Meadows,https://www.imdb.com/title/tt0480025/
After the Wedding,2006,2h,7.7,Susanne Bier,https://www.imdb.com/title/tt0457655/
The Girl Who Leapt Through Time,2006,1h 38min,7.7,Mamoru Hosoda,https://www.imdb.com/title/tt0808506/
Ex Machina,2014,1h 48min,7.7,Alex Garland,https://www.imdb.com/title/tt0470752/
Death Note,2006,2h 6min,7.7,Shûsuke Kaneko,https://www.imdb.com/title/tt0758742/
Flipped,2010,1h 30min,7.7,Rob Reiner,https://www.imdb.com/title/tt0817177/
Changeling,2008,2h 21min,7.7,Clint Eastwood,https://www.imdb.com/title/tt0824747/
Frost/Nixon,2008,2h 2min,7.7,Ron Howard,https://www.imdb.com/title/tt0870111/
Paprika,2006,1h 30min,7.7,Satoshi Kon,https://www.imdb.com/title/tt0851578/
Ponyo,2008,1h 41min,7.7,Hayao Miyazaki,https://www.imdb.com/title/tt0876563/
The Hangover,2009,1h 40min,7.7,Todd Phillips,https://www.imdb.com/title/tt1119646/
Harry Potter and the Deathly Hallows: Part 1,2010,2h 26min,7.7,David Yates,https://www.imdb.com/title/tt0926084/
Silver Linings Playbook,2012,2h 2min,7.7,David O. Russell,https://www.imdb.com/title/tt1045658/
Argo,2012,2h,7.7,Ben Affleck,https://www.imdb.com/title/tt1024648/
Skyfall,2012,2h 23min,7.7,Sam Mendes,https://www.imdb.com/title/tt1074638/
Beasts of No Nation,2015,2h 17min,7.7,Cary Joji Fukunaga,https://www.imdb.com/title/tt1365050/
X-Men: First Class,2011,2h 11min,7.7,Matthew Vaughn,https://www.imdb.com/title/tt1270798/
500 Days of Summer,2009,1h 35min,7.7,Marc Webb,https://www.imdb.com/title/tt1022603/
The Social Network,2010,2h,7.7,David Fincher,https://www.imdb.com/title/tt1285016/
Gravity,2013,1h 31min,7.7,Alfonso Cuarón,https://www.imdb.com/title/tt1454468/
Confessions,2010,1h 46min,7.7,Tetsuya Nakashima,https://www.imdb.com/title/tt1590089/
The Lego Movie,2014,1h 40min,7.7,Christopher Miller,https://www.imdb.com/title/tt1490017/
Midnight in Paris,2011,1h 34min,7.7,Woody Allen,https://www.imdb.com/title/tt1605783/
Detachment,2011,1h 38min,7.7,Tony Kaye,https://www.imdb.com/title/tt1683526/
Star Trek Into Darkness,2013,2h 12min,7.7,J.J. Abrams,https://www.imdb.com/title/tt1408101/
Wreck-It Ralph,2012,1h 41min,7.7,Rich Moore,https://www.imdb.com/title/tt1772341/
The Little Prince,2015,1h 48min,7.7,Mark Osborne,https://www.imdb.com/title/tt1754656/
Nebraska,2013,1h 55min,7.7,Alexander Payne,https://www.imdb.com/title/tt1821549/
The Broken Circle Breakdown,2012,1h 51min,7.7,Felix van Groeningen,https://www.imdb.com/title/tt2024519/
Rockstar,2011,2h 39min,7.7,Imtiaz Ali,https://www.imdb.com/title/tt1839596/
Blue Is the Warmest Colour,2013,3h,7.7,Abdellatif Kechiche,https://www.imdb.com/title/tt2278871/
The Past,2013,2h 10min,7.7,Asghar Farhadi,https://www.imdb.com/title/tt2404461/
Captain America: The Winter Soldier,2014,2h 16min,7.7,Anthony Russo,https://www.imdb.com/title/tt1843866/
Toy Story 4,2019,1h 40min,7.7,Josh Cooley,https://www.imdb.com/title/tt1979376/
Birdman or (The Unexpected Virtue of Ignorance),2014,1h 59min,7.7,Alejandro G. Iñárritu,https://www.imdb.com/title/tt2562232/
Kingsman: The Secret Service,2014,2h 9min,7.7,Matthew Vaughn,https://www.imdb.com/title/tt2802144/
A Man Called Ove,2015,1h 56min,7.7,Hannes Holm,https://www.imdb.com/title/tt4080728/
Me and Earl and the Dying Girl,2015,1h 45min,7.7,Alfonso Gomez-Rejon,https://www.imdb.com/title/tt2582496/
When Marnie Was There,2014,1h 43min,7.7,James Simone,https://www.imdb.com/title/tt3398268/
The Theory of Everything,2014,2h 3min,7.7,James Marsh,https://www.imdb.com/title/tt2980516/
The Fault in Our Stars,2014,2h 6min,7.7,Josh Boone,https://www.imdb.com/title/tt2582846/
What We Do in the Shadows,2014,1h 26min,7.7,Jemaine Clement,https://www.imdb.com/title/tt3416742/
Mission: Impossible - Fallout,2018,2h 27min,7.7,Christopher McQuarrie,https://www.imdb.com/title/tt4912910/
Get Out,2017,1h 44min,7.7,Jordan Peele,https://www.imdb.com/title/tt5052448/
Wind River,2017,1h 47min,7.7,Taylor Sheridan,https://www.imdb.com/title/tt5362988/
God's Own Country,2017,1h 44min,7.7,Francis Lee,https://www.imdb.com/title/tt5635086/
Deadpool 2,2018,1h 59min,7.7,David Leitch,https://www.imdb.com/title/tt5463162/
Roma,2018,2h 15min,7.7,Alfonso Cuarón,https://www.imdb.com/title/tt6155172/
The Mitchells vs the Machines,2021,1h 53min,7.7,Michael Rianda,https://www.imdb.com/title/tt7979580/
A Quiet Place Part II,2020,1h 37min,7.7,John Krasinski,https://www.imdb.com/title/tt8332922/
Frankenstein,1931,1h 10min,7.8,James Whale,https://www.imdb.com/title/tt0021884/
The Lady Vanishes,1938,1h 36min,7.8,Alfred Hitchcock,https://www.imdb.com/title/tt0030341/
Duck Soup,1933,1h 9min,7.8,Leo McCarey,https://www.imdb.com/title/tt0023969/
Scarface,1932,1h 33min,7.8,Howard Hawks,https://www.imdb.com/title/tt0023427/
Gaslight,1944,1h 54min,7.8,George Cukor,https://www.imdb.com/title/tt0036855/
To Have and Have Not,1944,1h 40min,7.8,Howard Hawks,https://www.imdb.com/title/tt0037382/
Shadow of a Doubt,1943,1h 48min,7.8,Alfred Hitchcock,https://www.imdb.com/title/tt0036342/
The Bride of Frankenstein,1935,1h 15min,7.8,James Whale,https://www.imdb.com/title/tt0026138/
The African Queen,1951,1h 45min,7.8,John Huston,https://www.imdb.com/title/tt0043265/
Key Largo,1948,1h 40min,7.8,John Huston,https://www.imdb.com/title/tt0040506/
Red River,1948,2h 13min,7.8,Howard Hawks,https://www.imdb.com/title/tt0040724/
The Quiet Man,1952,2h 9min,7.8,John Ford,https://www.imdb.com/title/tt0045061/
Breathless,1960,1h 30min,7.8,Jean-Luc Godard,https://www.imdb.com/title/tt0053472/
The Innocents,1961,1h 40min,7.8,Jack Clayton,https://www.imdb.com/title/tt0055018/
Jules and Jim,1962,1h 45min,7.8,François Truffaut,https://www.imdb.com/title/tt0055032/
The Longest Day,1962,2h 58min,7.8,Ken Annakin,https://www.imdb.com/title/tt0056197/
Bonnie and Clyde,1967,1h 51min,7.8,Arthur Penn,https://www.imdb.com/title/tt0061418/
My Fair Lady,1964,2h 50min,7.8,George Cukor,https://www.imdb.com/title/tt0058385/
Mary Poppins,1964,2h 19min,7.8,Robert Stevenson,https://www.imdb.com/title/tt0058331/
Wait Until Dark,1967,1h 48min,7.8,Terence Young,https://www.imdb.com/title/tt0062467/
Midnight Cowboy,1969,1h 53min,7.8,John Schlesinger,https://www.imdb.com/title/tt0064665/
Guess Who's Coming to Dinner,1967,1h 48min,7.8,Stanley Kramer,https://www.imdb.com/title/tt0061735/
Willy Wonka & the Chocolate Factory,1971,1h 40min,7.8,Mel Stuart,https://www.imdb.com/title/tt0067992/
The Killer,1989,1h 51min,7.8,John Woo,https://www.imdb.com/title/tt0097202/
Cabaret,1972,2h 4min,7.8,Bob Fosse,https://www.imdb.com/title/tt0068327/
Awakenings,1990,2h 1min,7.8,Penny Marshall,https://www.imdb.com/title/tt0099077/
Hard Boiled,1992,2h 8min,7.8,John Woo,https://www.imdb.com/title/tt0104684/
Glory,1989,2h 2min,7.8,Edward Zwick,https://www.imdb.com/title/tt0097441/
Boyz n the Hood,1991,1h 52min,7.8,John Singleton,https://www.imdb.com/title/tt0101507/
Misery,1990,1h 47min,7.8,Rob Reiner,https://www.imdb.com/title/tt0100157/
A Bronx Tale,1993,2h 1min,7.8,Robert De Niro,https://www.imdb.com/title/tt0106489/
The Sandlot,1993,1h 41min,7.8,David Mickey Evans,https://www.imdb.com/title/tt0108037/
The Remains of the Day,1993,2h 14min,7.8,James Ivory,https://www.imdb.com/title/tt0107943/
The Fugitive,1993,2h 10min,7.8,Andrew Davis,https://www.imdb.com/title/tt0106977/
Batman: Mask of the Phantasm,1993,1h 16min,7.8,Kevin Altieri,https://www.imdb.com/title/tt0106364/
Naked,1993,2h 12min,7.8,Mike Leigh,https://www.imdb.com/title/tt0107653/
Ed Wood,1994,2h 7min,7.8,Tim Burton,https://www.imdb.com/title/tt0109707/
The Double Life of Véronique,1991,1h 38min,7.8,Krzysztof Kieslowski,https://www.imdb.com/title/tt0101765/
Gattaca,1997,1h 46min,7.8,Andrew Niccol,https://www.imdb.com/title/tt0119177/
The Game,1997,2h 9min,7.8,David Fincher,https://www.imdb.com/title/tt0119174/
Breaking the Waves,1996,2h 39min,7.8,Lars von Trier,https://www.imdb.com/title/tt0115751/
Fireworks,1997,1h 43min,7.8,Takeshi Kitano,https://www.imdb.com/title/tt0119250/
Titanic,1997,3h 14min,7.8,James Cameron,https://www.imdb.com/title/tt0120338/
October Sky,1999,1h 48min,7.8,Joe Johnston,https://www.imdb.com/title/tt0132477/
Tombstone,1993,2h 10min,7.8,George P. Cosmatos,https://www.imdb.com/title/tt0108358/
Cast Away,2000,2h 23min,7.8,Robert Zemeckis,https://www.imdb.com/title/tt0162222/
The Boondock Saints,1999,1h 48min,7.8,Troy Duffy,https://www.imdb.com/title/tt0144117/
"Crouching Tiger, Hidden Dragon",2000,2h,7.8,Ang Lee,https://www.imdb.com/title/tt0190332/
Joint Security Area,2000,1h 50min,7.8,Park Chan-Wook,https://www.imdb.com/title/tt0260991/
Remember the Titans,2000,1h 53min,7.8,Boaz Yakin,https://www.imdb.com/title/tt0210945/
The Insider,1999,2h 37min,7.8,Michael Mann,https://www.imdb.com/title/tt0140352/
Waking Life,2001,1h 39min,7.8,Richard Linklater,https://www.imdb.com/title/tt0243017/
The Triplets of Belleville,2003,1h 20min,7.8,Sylvain Chomet,https://www.imdb.com/title/tt0286244/
The Motorcycle Diaries,2004,2h 6min,7.8,Walter Salles,https://www.imdb.com/title/tt0318462/
Lilya 4-Ever,2002,1h 49min,7.8,Lukas Moodysson,https://www.imdb.com/title/tt0300140/
Serenity,2005,1h 59min,7.8,Joss Whedon,https://www.imdb.com/title/tt0379786/
The Notebook,2004,2h 3min,7.8,Nick Cassavetes,https://www.imdb.com/title/tt0332280/
The World's Fastest Indian,2005,2h 7min,7.8,Roger Donaldson,https://www.imdb.com/title/tt0412080/
Evil,2003,1h 53min,7.8,Mikael Håfström,https://www.imdb.com/title/tt0338309/
Walk the Line,2005,2h 16min,7.8,James Mangold,https://www.imdb.com/title/tt0358273/
Tokyo Godfathers,2003,1h 32min,7.8,Satoshi Kon,https://www.imdb.com/title/tt0388473/
Adam's Apples,2005,1h 34min,7.8,Anders Thomas Jensen,https://www.imdb.com/title/tt0418455/
Pride & Prejudice,2005,2h 9min,7.8,Joe Wright,https://www.imdb.com/title/tt0414387/
Little Miss Sunshine,2006,1h 41min,7.8,Jonathan Dayton,https://www.imdb.com/title/tt0449059/
Hot Fuzz,2007,2h 1min,7.8,Edgar Wright,https://www.imdb.com/title/tt0425112/
Apocalypto,2006,2h 19min,7.8,Mel Gibson,https://www.imdb.com/title/tt0472043/
Veer-Zaara,2004,3h 12min,7.8,Yash Chopra,https://www.imdb.com/title/tt0420332/
The Curious Case of Benjamin Button,2008,2h 46min,7.8,David Fincher,https://www.imdb.com/title/tt0421715/
Mr. Nobody,2009,2h 21min,7.8,Jaco Van Dormael,https://www.imdb.com/title/tt0485947/
Avatar,2009,2h 42min,7.8,James Cameron,https://www.imdb.com/title/tt0499549/
American Gangster,2007,2h 37min,7.8,Ridley Scott,https://www.imdb.com/title/tt0765429/
Atonement,2007,2h 3min,7.8,Joe Wright,https://www.imdb.com/title/tt0783233/
Once,2007,1h 26min,7.8,John Carney,https://www.imdb.com/title/tt0907657/
The Hobbit: An Unexpected Journey,2012,2h 49min,7.8,Peter Jackson,https://www.imdb.com/title/tt0903624/
The Edge of Heaven,2007,2h 2min,7.8,Fatih Akin,https://www.imdb.com/title/tt0880502/
The Boy in the Striped Pajamas,2008,1h 34min,7.8,Mark Herman,https://www.imdb.com/title/tt0914798/
Drive,2011,1h 40min,7.8,Nicolas Winding Refn,https://www.imdb.com/title/tt0780504/
Taken,2008,1h 30min,7.8,Pierre Morel,https://www.imdb.com/title/tt0936501/
Another Round,2020,1h 57min,7.8,Thomas Vinterberg,https://www.imdb.com/title/tt10288566/
The Fighter,2010,1h 56min,7.8,David O. Russell,https://www.imdb.com/title/tt0964517/
The Girl with the Dragon Tattoo,2009,2h 32min,7.8,Niels Arden Oplev,https://www.imdb.com/title/tt1132620/
The Trial of the Chicago 7,2020,2h 9min,7.8,Aaron Sorkin,https://www.imdb.com/title/tt1070874/
Moon,2009,1h 37min,7.8,Duncan Jones,https://www.imdb.com/title/tt1182345/
The Hobbit: The Desolation of Smaug,2013,2h 41min,7.8,Peter Jackson,https://www.imdb.com/title/tt1170358/
The Chaser,2008,2h 5min,7.8,Na Hong-jin,https://www.imdb.com/title/tt1190539/
Mother,2009,2h 9min,7.8,Bong Joon Ho,https://www.imdb.com/title/tt1216496/
The Irishman,2019,3h 29min,7.8,Martin Scorsese,https://www.imdb.com/title/tt1302006/
Captain Phillips,2013,2h 14min,7.8,Paul Greengrass,https://www.imdb.com/title/tt1535109/
Straight Outta Compton,2015,2h 27min,7.8,F. Gary Gray,https://www.imdb.com/title/tt1398426/
The Man from Nowhere,2010,1h 59min,7.8,Jeong-beom Lee,https://www.imdb.com/title/tt1527788/
I Saw the Devil,2010,2h 24min,7.8,Jee-woon Kim,https://www.imdb.com/title/tt1588170/
The Big Short,2015,2h 10min,7.8,Adam McKay,https://www.imdb.com/title/tt1596363/
The White Ribbon,2009,2h 24min,7.8,Michael Haneke,https://www.imdb.com/title/tt1149362/
The Girl with the Dragon Tattoo,2011,2h 38min,7.8,David Fincher,https://www.imdb.com/title/tt1568346/
The Best Offer,2013,2h 11min,7.8,Giuseppe Tornatore,https://www.imdb.com/title/tt1924396/
Moonrise Kingdom,2012,1h 34min,7.8,Wes Anderson,https://www.imdb.com/title/tt1748122/
The Wind Rises,2013,2h 6min,7.8,Hayao Miyazaki,https://www.imdb.com/title/tt2013293/
How to Train Your Dragon 2,2014,1h 42min,7.8,Dean DeBlois,https://www.imdb.com/title/tt1646971/
English Vinglish,2012,2h 14min,7.8,Gauri Shinde,https://www.imdb.com/title/tt2181931/
About Time,2013,2h 3min,7.8,Richard Curtis,https://www.imdb.com/title/tt2194499/
Kai Po Che,2013,2h,7.8,Abhishek Kapoor,https://www.imdb.com/title/tt2213054/
Big Hero 6,2014,1h 42min,7.8,Don Hall,https://www.imdb.com/title/tt2245084/
Vicky Donor,2012,2h 6min,7.8,Shoojit Sircar,https://www.imdb.com/title/tt2317337/
Sound of Metal,2019,2h,7.8,Darius Marder,https://www.imdb.com/title/tt5363618/
The Lunchbox,2013,1h 44min,7.8,Ritesh Batra,https://www.imdb.com/title/tt2350496/
Nosferatu,1922,1h 34min,7.9,F.W. Murnau,https://www.imdb.com/title/tt0013442/
The Gentlemen,2019,1h 53min,7.8,Guy Ritchie,https://www.imdb.com/title/tt8367814/
Raazi,2018,2h 18min,7.8,Meghna Gulzar,https://www.imdb.com/title/tt7098658/
A Night at the Opera,1935,1h 36min,7.9,Sam Wood,https://www.imdb.com/title/tt0026778/
Freaks,1932,1h 4min,7.9,Tod Browning,https://www.imdb.com/title/tt0022913/
The Adventures of Robin Hood,1938,1h 42min,7.9,Michael Curtiz,https://www.imdb.com/title/tt0029843/
King Kong,1933,1h 40min,7.9,Merian C. Cooper,https://www.imdb.com/title/tt0024216/
Bringing Up Baby,1938,1h 42min,7.9,Howard Hawks,https://www.imdb.com/title/tt0029947/
Stagecoach,1939,1h 36min,7.9,John Ford,https://www.imdb.com/title/tt0031971/
The Philadelphia Story,1940,1h 52min,7.9,George Cukor,https://www.imdb.com/title/tt0032904/
His Girl Friday,1940,1h 32min,7.9,Howard Hawks,https://www.imdb.com/title/tt0032599/
Harvey,1950,1h 44min,7.9,Henry Koster,https://www.imdb.com/title/tt0042546/
The Big Sleep,1946,1h 54min,7.9,Howard Hawks,https://www.imdb.com/title/tt0038355/
The Lost Weekend,1945,1h 41min,7.9,Billy Wilder,https://www.imdb.com/title/tt0037884/
Miracle on 34th Street,1947,1h 36min,7.9,George Seaton,https://www.imdb.com/title/tt0039628/
East of Eden,1955,1h 58min,7.9,Elia Kazan,https://www.imdb.com/title/tt0048028/
The Ten Commandments,1956,3h 40min,7.9,Cecil B. DeMille,https://www.imdb.com/title/tt0049833/
Hiroshima Mon Amour,1959,1h 30min,7.9,Alain Resnais,https://www.imdb.com/title/tt0052893/
The Searchers,1956,1h 59min,7.9,John Ford,https://www.imdb.com/title/tt0049730/
The Lion in Winter,1968,2h 14min,7.9,Anthony Harvey,https://www.imdb.com/title/tt0063227/
L'Avventura,1960,2h 24min,7.9,Michelangelo Antonioni,https://www.imdb.com/title/tt0053619/
The Manchurian Candidate,1962,2h 6min,7.9,John Frankenheimer,https://www.imdb.com/title/tt0056218/
In the Heat of the Night,1967,1h 50min,7.9,Norman Jewison,https://www.imdb.com/title/tt0061811/
Charade,1963,1h 53min,7.9,Stanley Donen,https://www.imdb.com/title/tt0056923/
Night of the Living Dead,1968,1h 36min,7.9,George A. Romero,https://www.imdb.com/title/tt0063350/
The Wild Bunch,1969,2h 15min,7.9,Sam Peckinpah,https://www.imdb.com/title/tt0065214/
The Discreet Charm of the Bourgeoisie,1972,1h 42min,7.9,Luis Buñuel,https://www.imdb.com/title/tt0068361/
"Aguirre, the Wrath of God",1972,1h 35min,7.9,Werner Herzog,https://www.imdb.com/title/tt0068182/
Patton,1970,2h 52min,7.9,Franklin J. Schaffner,https://www.imdb.com/title/tt0066206/
Amarcord,1973,2h 3min,7.9,Federico Fellini,https://www.imdb.com/title/tt0071129/
The Holy Mountain,1973,1h 54min,7.9,Alejandro Jodorowsky,https://www.imdb.com/title/tt0071615/
Spartacus,1960,3h 17min,7.9,Stanley Kubrick,https://www.imdb.com/title/tt0054331/
The Blues Brothers,1980,2h 13min,7.9,John Landis,https://www.imdb.com/title/tt0080455/
Dawn of the Dead,1978,2h 7min,7.9,George A. Romero,https://www.imdb.com/title/tt0077402/
A Christmas Story,1983,1h 33min,7.9,Bob Clark,https://www.imdb.com/title/tt0085334/
All That Jazz,1979,2h 3min,7.9,Bob Fosse,https://www.imdb.com/title/tt0078754/
Brazil,1985,2h 12min,7.9,Terry Gilliam,https://www.imdb.com/title/tt0088846/
Manhattan,1979,1h 36min,7.9,Woody Allen,https://www.imdb.com/title/tt0079522/
This Is Spinal Tap,1984,1h 22min,7.9,Rob Reiner,https://www.imdb.com/title/tt0088258/
The Untouchables,1987,1h 59min,7.9,Brian De Palma,https://www.imdb.com/title/tt0094226/
Kiki's Delivery Service,1989,1h 43min,7.9,Hayao Miyazaki,https://www.imdb.com/title/tt0097814/
Hannah and Her Sisters,1986,1h 47min,7.9,Woody Allen,https://www.imdb.com/title/tt0091167/
My Left Foot,1989,1h 43min,7.9,Jim Sheridan,https://www.imdb.com/title/tt0097937/
Crimes and Misdemeanors,1989,1h 44min,7.9,Woody Allen,https://www.imdb.com/title/tt0097123/
Edward Scissorhands,1990,1h 45min,7.9,Tim Burton,https://www.imdb.com/title/tt0099487/
Ninja Scroll,1993,1h 34min,7.9,Yoshiaki Kawajiri,https://www.imdb.com/title/tt0107692/
Three Colors: Blue,1993,1h 34min,7.9,Krzysztof Kieslowski,https://www.imdb.com/title/tt0108394/
Knockin' on Heaven's Door,1997,1h 27min,7.9,Thomas Jahn,https://www.imdb.com/title/tt0119472/
Once Were Warriors,1994,1h 42min,7.9,Lee Tamahori,https://www.imdb.com/title/tt0110729/
Boogie Nights,1997,2h 35min,7.9,Paul Thomas Anderson,https://www.imdb.com/title/tt0118749/
Whisper of the Heart,1995,1h 51min,7.9,Yoshifumi Kondô,https://www.imdb.com/title/tt0113824/
True Romance,1993,1h 59min,7.9,Tony Scott,https://www.imdb.com/title/tt0108399/
Carlito's Way,1993,2h 24min,7.9,Brian De Palma,https://www.imdb.com/title/tt0106519/
Toy Story 2,1999,1h 32min,7.9,John Lasseter,https://www.imdb.com/title/tt0120363/
Shrek,2001,1h 30min,7.9,Andrew Adamson,https://www.imdb.com/title/tt0126029/
All About My Mother,1999,1h 41min,7.9,Pedro Almodóvar,https://www.imdb.com/title/tt0185125/
Almost Famous,2000,2h 2min,7.9,Cameron Crowe,https://www.imdb.com/title/tt0181875/
Nine Queens,2000,1h 54min,7.9,Fabián Bielinsky,https://www.imdb.com/title/tt0247586/
Children of Men,2006,1h 49min,7.9,Alfonso Cuarón,https://www.imdb.com/title/tt0206634/
Mulholland Dr.,2001,2h 27min,7.9,David Lynch,https://www.imdb.com/title/tt0166924/
Cowboy Bebop: The Movie,2001,1h 55min,7.9,Shin'ichirô Watanabe,https://www.imdb.com/title/tt0275277/
The Bourne Identity,2002,1h 59min,7.9,Doug Liman,https://www.imdb.com/title/tt0258463/
Talk to Her,2002,1h 52min,7.9,Pedro Almodóvar,https://www.imdb.com/title/tt0287467/
Harry Potter and the Prisoner of Azkaban,2004,2h 22min,7.9,Alfonso Cuarón,https://www.imdb.com/title/tt0304141/
Head-On,2004,2h 1min,7.9,Fatih Akin,https://www.imdb.com/title/tt0347048/
Mystic River,2003,2h 18min,7.9,Clint Eastwood,https://www.imdb.com/title/tt0327056/
Hero,2002,2h,7.9,Yimou Zhang,https://www.imdb.com/title/tt0299977/
Kal Ho Naa Ho,2003,3h 6min,7.9,Nikkhil Advani,https://www.imdb.com/title/tt0347304/
No Man's Land,2001,1h 38min,7.9,Danis Tanovic,https://www.imdb.com/title/tt0283509/
Shaun of the Dead,2004,1h 39min,7.9,Edgar Wright,https://www.imdb.com/title/tt0365748/
Iron Man,2008,2h 6min,7.9,Jon Favreau,https://www.imdb.com/title/tt0371746/
The Chorus,2004,1h 37min,7.9,Christophe Barratier,https://www.imdb.com/title/tt0372824/
C.R.A.Z.Y.,2005,2h 9min,7.9,Jean-Marc Vallée,https://www.imdb.com/title/tt0401085/
The Fall,2006,1h 57min,7.9,Tarsem Singh,https://www.imdb.com/title/tt0460791/
Fantastic Mr. Fox,2009,1h 27min,7.9,Wes Anderson,https://www.imdb.com/title/tt0432283/
The Man from Earth,2007,1h 27min,7.9,Richard Schenkman,https://www.imdb.com/title/tt0756683/
Life of Pi,2012,2h 7min,7.9,Ang Lee,https://www.imdb.com/title/tt0454876/
Letters from Iwo Jima,2006,2h 21min,7.9,Clint Eastwood,https://www.imdb.com/title/tt0498380/
"4 Months, 3 Weeks and 2 Days",2007,1h 53min,7.9,Cristian Mungiu,https://www.imdb.com/title/tt1032846/
In Bruges,2008,1h 47min,7.9,Martin McDonagh,https://www.imdb.com/title/tt0780536/
Star Trek,2009,2h 7min,7.9,J.J. Abrams,https://www.imdb.com/title/tt0796366/
Captain Fantastic,2016,1h 58min,7.9,Matt Ross,https://www.imdb.com/title/tt3553976/
M.S. Dhoni: The Untold Story,2016,3h 4min,7.9,Neeraj Pandey,https://www.imdb.com/title/tt4169250/
Thor: Ragnarok,2017,2h 10min,7.9,Taika Waititi,https://www.imdb.com/title/tt3501632/
Hunt for the Wilderpeople,2016,1h 41min,7.9,Taika Waititi,https://www.imdb.com/title/tt4698684/
Isle of Dogs,2018,1h 41min,7.9,Wes Anderson,https://www.imdb.com/title/tt5104604/
Sing Street,2016,1h 46min,7.9,John Carney,https://www.imdb.com/title/tt3544112/
"I, Daniel Blake",2016,1h 40min,7.9,Ken Loach,https://www.imdb.com/title/tt5168192/
Call Me by Your Name,2017,2h 12min,7.9,Luca Guadagnino,https://www.imdb.com/title/tt5726616/
Shoplifters,2018,2h 1min,7.9,Hirokazu Koreeda,https://www.imdb.com/title/tt8075192/
Marriage Story,2019,2h 17min,7.9,Noah Baumbach,https://www.imdb.com/title/tt7653254/
Battleship Potemkin,1925,1h 6min,8,Sergei M. Eisenstein,https://www.imdb.com/title/tt0015648/
Knives Out,2019,2h 10min,7.9,Rian Johnson,https://www.imdb.com/title/tt8946378/
The Rules of the Game,1939,1h 50min,8,Jean Renoir,https://www.imdb.com/title/tt0031885/
The Thin Man,1934,1h 31min,8,W.S. Van Dyke,https://www.imdb.com/title/tt0025878/
The Maltese Falcon,1941,1h 40min,8,John Huston,https://www.imdb.com/title/tt0033870/
Arsenic and Old Lace,1943,1h 58min,8,Frank Capra,https://www.imdb.com/title/tt0036613/
The Wizard of Oz,1939,1h 42min,8,Victor Fleming,https://www.imdb.com/title/tt0032138/
Notorious,1946,1h 42min,8,Alfred Hitchcock,https://www.imdb.com/title/tt0038787/
Brief Encounter,1945,1h 26min,8,David Lean,https://www.imdb.com/title/tt0037558/
Laura,1944,1h 28min,8,Otto Preminger,https://www.imdb.com/title/tt0037008/
Rope,1948,1h 20min,8,Alfred Hitchcock,https://www.imdb.com/title/tt0040746/
Out of the Past,1947,1h 37min,8,Jacques Tourneur,https://www.imdb.com/title/tt0039689/
Kind Hearts and Coronets,1949,1h 46min,8,Robert Hamer,https://www.imdb.com/title/tt0041546/
In a Lonely Place,1950,1h 34min,8,Nicholas Ray,https://www.imdb.com/title/tt0042593/
Strangers on a Train,1951,1h 41min,8,Alfred Hitchcock,https://www.imdb.com/title/tt0044079/
A Streetcar Named Desire,1951,2h 2min,8,Elia Kazan,https://www.imdb.com/title/tt0044081/
High Noon,1952,1h 25min,8,Fred Zinnemann,https://www.imdb.com/title/tt0044706/
Stalag 17,1953,2h,8,Billy Wilder,https://www.imdb.com/title/tt0046359/
La Strada,1954,1h 48min,8,Federico Fellini,https://www.imdb.com/title/tt0047528/
Roman Holiday,1953,1h 58min,8,William Wyler,https://www.imdb.com/title/tt0046250/
The Night of the Hunter,1955,1h 32min,8,Charles Laughton,https://www.imdb.com/title/tt0048424/
Sweet Smell of Success,1957,1h 36min,8,Alexander Mackendrick,https://www.imdb.com/title/tt0051036/
The Killing,1956,1h 24min,8,Stanley Kubrick,https://www.imdb.com/title/tt0049406/
Cat on a Hot Tin Roof,1958,1h 48min,8,Richard Brooks,https://www.imdb.com/title/tt0051459/
Rio Bravo,1959,2h 21min,8,Howard Hawks,https://www.imdb.com/title/tt0053221/
Touch of Evil,1958,1h 35min,8,Orson Welles,https://www.imdb.com/title/tt0052311/
Anatomy of a Murder,1959,2h 41min,8,Otto Preminger,https://www.imdb.com/title/tt0052561/
The Hustler,1961,2h 14min,8,Robert Rossen,https://www.imdb.com/title/tt0054997/
Vivre Sa Vie,1962,1h 25min,8,Jean-Luc Godard,https://www.imdb.com/title/tt0056663/
La Dolce Vita,1960,2h 54min,8,Federico Fellini,https://www.imdb.com/title/tt0053779/
8½,1963,2h 18min,8,Federico Fellini,https://www.imdb.com/title/tt0056801/
A Fistful of Dollars,1964,1h 39min,8,Sergio Leone,https://www.imdb.com/title/tt0058461/
Who's Afraid of Virginia Woolf?,1966,2h 11min,8,Mike Nichols,https://www.imdb.com/title/tt0061184/
The Sound of Music,1965,2h 52min,8,Robert Wise,https://www.imdb.com/title/tt0059742/
Doctor Zhivago,1965,3h 17min,8,David Lean,https://www.imdb.com/title/tt0059113/
The Graduate,1967,1h 46min,8,Mike Nichols,https://www.imdb.com/title/tt0061722/
Planet of the Apes,1968,1h 52min,8,Franklin J. Schaffner,https://www.imdb.com/title/tt0063442/
Butch Cassidy and the Sundance Kid,1969,1h 50min,8,George Roy Hill,https://www.imdb.com/title/tt0064115/
Rosemary's Baby,1968,2h 17min,8,Roman Polanski,https://www.imdb.com/title/tt0063522/
The Conformist,1970,1h 53min,8,Bernardo Bertolucci,https://www.imdb.com/title/tt0065571/
Sleuth,1972,2h 18min,8,Joseph L. Mankiewicz,https://www.imdb.com/title/tt0069281/
The Last Picture Show,1971,1h 58min,8,Peter Bogdanovich,https://www.imdb.com/title/tt0067328/
Papillon,1973,2h 31min,8,Franklin J. Schaffner,https://www.imdb.com/title/tt0070511/
Fiddler on the Roof,1971,3h 1min,8,Norman Jewison,https://www.imdb.com/title/tt0067093/
Young Frankenstein,1974,1h 46min,8,Mel Brooks,https://www.imdb.com/title/tt0072431/
The Exorcist,1973,2h 2min,8,William Friedkin,https://www.imdb.com/title/tt0070047/
Dog Day Afternoon,1975,2h 5min,8,Sidney Lumet,https://www.imdb.com/title/tt0072890/
Jaws,1975,2h 4min,8,Steven Spielberg,https://www.imdb.com/title/tt0073195/
All the President's Men,1976,2h 18min,8,Alan J. Pakula,https://www.imdb.com/title/tt0074119/
Annie Hall,1977,1h 33min,8,Woody Allen,https://www.imdb.com/title/tt0075686/
Being There,1979,2h 10min,8,Hal Ashby,https://www.imdb.com/title/tt0078841/
Kagemusha,1980,2h 42min,8,Akira Kurosawa,https://www.imdb.com/title/tt0080979/
Gandhi,1982,3h 11min,8,Richard Attenborough,https://www.imdb.com/title/tt0083987/
The Terminator,1984,1h 47min,8,James Cameron,https://www.imdb.com/title/tt0088247/
Au Revoir les Enfants,1987,1h 44min,8,Louis Malle,https://www.imdb.com/title/tt0092593/
Wings of Desire,1987,2h 8min,8,Wim Wenders,https://www.imdb.com/title/tt0093191/
Pink Floyd: The Wall,1982,1h 35min,8,Alan Parker,https://www.imdb.com/title/tt0084503/
Castle in the Sky,1986,2h 5min,8,Hayao Miyazaki,https://www.imdb.com/title/tt0092067/
Akira,1988,2h 4min,8,Katsuhiro Ôtomo,https://www.imdb.com/title/tt0094625/
Rain Man,1988,2h 13min,8,Barry Levinson,https://www.imdb.com/title/tt0095953/
Do the Right Thing,1989,2h,8,Spike Lee,https://www.imdb.com/title/tt0097216/
Dances with Wolves,1990,3h 1min,8,Kevin Costner,https://www.imdb.com/title/tt0099348/
JFK,1991,3h 9min,8,Oliver Stone,https://www.imdb.com/title/tt0102138/
Beauty and the Beast,1991,1h 24min,8,Gary Trousdale,https://www.imdb.com/title/tt0101414/
"Blood In, Blood Out",1993,3h,8,Taylor Hackford,https://www.imdb.com/title/tt0106469/
Aladdin,1992,1h 30min,8,Ron Clements,https://www.imdb.com/title/tt0103639/
Scent of a Woman,1992,2h 36min,8,Martin Brest,https://www.imdb.com/title/tt0105323/
Groundhog Day,1993,1h 41min,8,Harold Ramis,https://www.imdb.com/title/tt0107048/
Secrets & Lies,1996,2h 16min,8,Mike Leigh,https://www.imdb.com/title/tt0117589/
The Nightmare Before Christmas,1993,1h 16min,8,Henry Selick,https://www.imdb.com/title/tt0107688/
12 Monkeys,1995,2h 9min,8,Terry Gilliam,https://www.imdb.com/title/tt0114746/
The Iron Giant,1999,1h 26min,8,Brad Bird,https://www.imdb.com/title/tt0129167/
Sling Blade,1996,2h 15min,8,Billy Bob Thornton,https://www.imdb.com/title/tt0117666/
Casino Royale,2006,2h 24min,8,Martin Campbell,https://www.imdb.com/title/tt0381061/
Tae Guk Gi: The Brotherhood of War,2004,2h 20min,8,Je-kyu Kang,https://www.imdb.com/title/tt0386064/
Ratatouille,2007,1h 51min,8,Brad Bird,https://www.imdb.com/title/tt0382932/
G.O.R.A.,2004,2h 7min,8,Ömer Faruk Sorak,https://www.imdb.com/title/tt0384116/
The Diving Bell and the Butterfly,2007,1h 52min,8,Julian Schnabel,https://www.imdb.com/title/tt0401383/
Sin City,2005,2h 4min,8,Frank Miller,https://www.imdb.com/title/tt0401792/
3-Iron,2004,1h 28min,8,Kim Ki-duk,https://www.imdb.com/title/tt0423866/
The Bourne Ultimatum,2007,1h 55min,8,Paul Greengrass,https://www.imdb.com/title/tt0440963/
Ghost in the Shell,1995,1h 23min,8,Mamoru Oshii,https://www.imdb.com/title/tt0113568/
The Pursuit of Happyness,2006,1h 57min,8,Gabriele Muccino,https://www.imdb.com/title/tt0454921/
Blood Diamond,2006,2h 23min,8,Edward Zwick,https://www.imdb.com/title/tt0450259/
Persepolis,2007,1h 36min,8,Vincent Paronnaud,https://www.imdb.com/title/tt0808417/
Elite Squad,2007,1h 55min,8,José Padilha,https://www.imdb.com/title/tt0861739/
Lage Raho Munna Bhai,2006,2h 24min,8,Rajkumar Hirani,https://www.imdb.com/title/tt0456144/
Dallas Buyers Club,2013,1h 57min,8,Jean-Marc Vallée,https://www.imdb.com/title/tt0790636/
Black Swan,2010,1h 48min,8,Darren Aronofsky,https://www.imdb.com/title/tt0947798/
The Avengers,2012,2h 23min,8,Joss Whedon,https://www.imdb.com/title/tt0848228/
Slumdog Millionaire,2008,2h,8,Danny Boyle,https://www.imdb.com/title/tt1010048/
My Name Is Khan,2010,2h 45min,8,Karan Johar,https://www.imdb.com/title/tt1188996/
The Breath,2009,2h 8min,8,Levent Semerci,https://www.imdb.com/title/tt1171701/
Ip Man,2008,1h 46min,8,Wilson Yip,https://www.imdb.com/title/tt1220719/
Darbareye Elly,2009,1h 59min,8,Asghar Farhadi,https://www.imdb.com/title/tt1360860/
Dev.D,2009,2h 24min,8,Anurag Kashyap,https://www.imdb.com/title/tt1327035/
The Help,2011,2h 26min,8,Tate Taylor,https://www.imdb.com/title/tt1454029/
The King's Speech,2010,1h 58min,8,Tom Hooper,https://www.imdb.com/title/tt1504320/
Elite Squad 2: The Enemy Within,2010,1h 55min,8,José Padilha,https://www.imdb.com/title/tt1555149/
The Revenant,2015,2h 36min,8,Alejandro G. Iñárritu,https://www.imdb.com/title/tt1663202/
Her,2013,2h 6min,8,Spike Jonze,https://www.imdb.com/title/tt1798709/
Blade Runner 2049,2017,2h 44min,8,Denis Villeneuve,https://www.imdb.com/title/tt1856101/
Guardians of the Galaxy,2014,2h 1min,8,James Gunn,https://www.imdb.com/title/tt2015381/
Deadpool,2016,1h 48min,8,Tim Miller,https://www.imdb.com/title/tt1431045/
The Imitation Game,2014,1h 54min,8,Morten Tyldum,https://www.imdb.com/title/tt2084970/
Short Term 12,2013,1h 36min,8,Destin Daniel Cretton,https://www.imdb.com/title/tt2370248/
Special 26,2013,2h 24min,8,Neeraj Pandey,https://www.imdb.com/title/tt2377938/
The Raid 2,2014,2h 30min,8,Gareth Evans,https://www.imdb.com/title/tt2265171/
Wonder,2017,1h 53min,8,Stephen Chbosky,https://www.imdb.com/title/tt2543472/
Gully Boy,2019,2h 34min,8,Zoya Akhtar,https://www.imdb.com/title/tt2395469/
Lion,2016,1h 58min,8,Garth Davis,https://www.imdb.com/title/tt3741834/
Baahubali: The Beginning,2015,2h 39min,8,S.S. Rajamouli,https://www.imdb.com/title/tt2631186/
The Martian,2015,2h 24min,8,Ridley Scott,https://www.imdb.com/title/tt3659388/
Zootopia,2016,1h 48min,8,Byron Howard,https://www.imdb.com/title/tt2948356/
Airlift,2016,2h 10min,8,Raja Menon,https://www.imdb.com/title/tt4387040/
La La Land,2016,2h 8min,8,Damien Chazelle,https://www.imdb.com/title/tt3783958/
Bajrangi Bhaijaan,2015,2h 43min,8,Kabir Khan,https://www.imdb.com/title/tt3863552/
Togo,2019,1h 53min,8,Ericson Core,https://www.imdb.com/title/tt5116302/
The Cabinet of Dr. Caligari,1920,1h 7min,8.1,Robert Wiene,https://www.imdb.com/title/tt0010323/
The General,1926,1h 7min,8.1,Clyde Bruckman,https://www.imdb.com/title/tt0017925/
Badhaai Ho,2018,2h 4min,8,Amit Ravindernath Sharma,https://www.imdb.com/title/tt7725596/
Sunrise,1927,1h 34min,8.1,F.W. Murnau,https://www.imdb.com/title/tt0018455/
The Passion of Joan of Arc,1928,1h 54min,8.1,Carl Theodor Dreyer,https://www.imdb.com/title/tt0019254/
The Circus,1928,1h 12min,8.1,Charles Chaplin,https://www.imdb.com/title/tt0018773/
Baby,2015,2h 39min,8,Neeraj Pandey,https://www.imdb.com/title/tt3848892/
It Happened One Night,1934,1h 45min,8.1,Frank Capra,https://www.imdb.com/title/tt0025316/
All Quiet on the Western Front,1930,2h 32min,8.1,Lewis Milestone,https://www.imdb.com/title/tt0020629/
Mr. Smith Goes to Washington,1939,2h 9min,8.1,Frank Capra,https://www.imdb.com/title/tt0031679/
La Grande Illusion,1937,1h 53min,8.1,Jean Renoir,https://www.imdb.com/title/tt0028950/
Rebecca,1940,2h 10min,8.1,Alfred Hitchcock,https://www.imdb.com/title/tt0032976/
The Grapes of Wrath,1940,2h 9min,8.1,John Ford,https://www.imdb.com/title/tt0032551/
Gone with the Wind,1939,3h 58min,8.1,Victor Fleming,https://www.imdb.com/title/tt0031381/
The Shop Around the Corner,1940,1h 39min,8.1,Ernst Lubitsch,https://www.imdb.com/title/tt0033045/
The Best Years of Our Lives,1946,2h 50min,8.1,William Wyler,https://www.imdb.com/title/tt0036868/
Ace in the Hole,1951,1h 51min,8.1,Billy Wilder,https://www.imdb.com/title/tt0043338/
White Heat,1949,1h 54min,8.1,Raoul Walsh,https://www.imdb.com/title/tt0042041/
The Third Man,1949,1h 33min,8.1,Carol Reed,https://www.imdb.com/title/tt0041959/
The Wages of Fear,1953,2h 11min,8.1,Henri-Georges Clouzot,https://www.imdb.com/title/tt0046268/
Rififi,1955,1h 58min,8.1,Jules Dassin,https://www.imdb.com/title/tt0048021/
Diabolique,1955,1h 57min,8.1,Henri-Georges Clouzot,https://www.imdb.com/title/tt0046911/
On the Waterfront,1954,1h 48min,8.1,Elia Kazan,https://www.imdb.com/title/tt0047296/
The 400 Blows,1959,1h 39min,8.1,François Truffaut,https://www.imdb.com/title/tt0053198/
The Bridge on the River Kwai,1957,2h 41min,8.1,David Lean,https://www.imdb.com/title/tt0050212/
Throne of Blood,1957,1h 50min,8.1,Akira Kurosawa,https://www.imdb.com/title/tt0050613/
The Hidden Fortress,1958,2h 6min,8.1,Akira Kurosawa,https://www.imdb.com/title/tt0051808/
Nights of Cabiria,1957,1h 50min,8.1,Federico Fellini,https://www.imdb.com/title/tt0050783/
Ben-Hur,1959,3h 32min,8.1,William Wyler,https://www.imdb.com/title/tt0052618/
Inherit the Wind,1960,2h 8min,8.1,Stanley Kramer,https://www.imdb.com/title/tt0053946/
The Virgin Spring,1960,1h 29min,8.1,Ingmar Bergman,https://www.imdb.com/title/tt0053976/
Sanjuro,1962,1h 36min,8.1,Akira Kurosawa,https://www.imdb.com/title/tt0056443/
Ivan's Childhood,1962,1h 24min,8.1,Andrei Tarkovsky,https://www.imdb.com/title/tt0056111/
The Red Shoes,1948,2h 15min,8.1,Michael Powell,https://www.imdb.com/title/tt0040725/
What Ever Happened to Baby Jane?,1962,2h 14min,8.1,Robert Aldrich,https://www.imdb.com/title/tt0056687/
Nausicaä of the Valley of the Wind,1984,1h 57min,8.1,Hayao Miyazaki,https://www.imdb.com/title/tt0087544/
The Man Who Shot Liberty Valance,1962,2h 3min,8.1,John Ford,https://www.imdb.com/title/tt0056217/
"Paris, Texas",1984,2h 25min,8.1,Wim Wenders,https://www.imdb.com/title/tt0087884/
Stand by Me,1986,1h 29min,8.1,Rob Reiner,https://www.imdb.com/title/tt0092005/
Platoon,1986,2h,8.1,Oliver Stone,https://www.imdb.com/title/tt0091763/
The Princess Bride,1987,1h 38min,8.1,Rob Reiner,https://www.imdb.com/title/tt0093779/
Farewell My Concubine,1993,2h 51min,8.1,Kaige Chen,https://www.imdb.com/title/tt0106332/
In the Name of the Father,1993,2h 13min,8.1,Jim Sheridan,https://www.imdb.com/title/tt0107207/
Dead Poets Society,1989,2h 8min,8.1,Peter Weir,https://www.imdb.com/title/tt0097165/
Raise the Red Lantern,1991,2h 5min,8.1,Yimou Zhang,https://www.imdb.com/title/tt0101640/
The Sacrifice,1986,2h 29min,8.1,Andrei Tarkovsky,https://www.imdb.com/title/tt0091670/
Three Colors: Red,1994,1h 39min,8.1,Krzysztof Kieslowski,https://www.imdb.com/title/tt0111495/
Chungking Express,1994,1h 42min,8.1,Kar-Wai Wong,https://www.imdb.com/title/tt0109424/
Before Sunrise,1995,1h 41min,8.1,Richard Linklater,https://www.imdb.com/title/tt0112471/
Andaz Apna Apna,1994,2h 40min,8.1,Rajkumar Santoshi,https://www.imdb.com/title/tt0109117/
Jurassic Park,1993,2h 7min,8.1,Steven Spielberg,https://www.imdb.com/title/tt0107290/
Underground,1995,2h 47min,8.1,Emir Kusturica,https://www.imdb.com/title/tt0114787/
La Haine,1995,1h 38min,8.1,Mathieu Kassovitz,https://www.imdb.com/title/tt0113247/
Dilwale Dulhania Le Jayenge,1995,3h 1min,8.1,Aditya Chopra,https://www.imdb.com/title/tt0112870/
Trainspotting,1996,1h 33min,8.1,Danny Boyle,https://www.imdb.com/title/tt0117951/
Fargo,1996,1h 38min,8.1,Joel Coen,https://www.imdb.com/title/tt0116282/
In the Mood for Love,2000,1h 38min,8.1,Kar-Wai Wong,https://www.imdb.com/title/tt0118694/
The Truman Show,1998,1h 43min,8.1,Peter Weir,https://www.imdb.com/title/tt0120382/
The Celebration,1998,1h 45min,8.1,Thomas Vinterberg,https://www.imdb.com/title/tt0154420/
The Legend of 1900,1998,2h 49min,8.1,Giuseppe Tornatore,https://www.imdb.com/title/tt0120731/
"Black Cat, White Cat",1998,2h 7min,8.1,Emir Kusturica,https://www.imdb.com/title/tt0118843/
The Big Lebowski,1998,1h 57min,8.1,Joel Coen,https://www.imdb.com/title/tt0118715/
Lagaan: Once Upon a Time in India,2001,3h 44min,8.1,Ashutosh Gowariker,https://www.imdb.com/title/tt0169102/
The Sixth Sense,1999,1h 47min,8.1,M. Night Shyamalan,https://www.imdb.com/title/tt0167404/
Amores Perros,2000,2h 34min,8.1,Alejandro G. Iñárritu,https://www.imdb.com/title/tt0245712/
Neon Genesis Evangelion: The End of Evangelion,1997,1h 27min,8.1,Hideaki Anno,https://www.imdb.com/title/tt0169858/
"Monsters, Inc.",2001,1h 32min,8.1,Pete Docter,https://www.imdb.com/title/tt0198781/
Finding Nemo,2003,1h 40min,8.1,Andrew Stanton,https://www.imdb.com/title/tt0266543/
Catch Me If You Can,2002,2h 21min,8.1,Steven Spielberg,https://www.imdb.com/title/tt0264464/
Before Sunset,2004,1h 20min,8.1,Richard Linklater,https://www.imdb.com/title/tt0381681/
Kill Bill: Vol. 1,2003,1h 51min,8.1,Quentin Tarantino,https://www.imdb.com/title/tt0266697/
Memories of Murder,2003,2h 12min,8.1,Bong Joon Ho,https://www.imdb.com/title/tt0353969/
Munna Bhai M.B.B.S.,2003,2h 36min,8.1,Rajkumar Hirani,https://www.imdb.com/title/tt0374887/
Hotel Rwanda,2004,2h 1min,8.1,Terry George,https://www.imdb.com/title/tt0395169/
Million Dollar Baby,2004,2h 12min,8.1,Clint Eastwood,https://www.imdb.com/title/tt0405159/
Rang De Basanti,2006,2h 47min,8.1,Rakeysh Omprakash Mehra,https://www.imdb.com/title/tt0405508/
Nobody Knows,2004,2h 21min,8.1,Hirokazu Koreeda,https://www.imdb.com/title/tt0408664/
Mary and Max,2009,1h 32min,8.1,Adam Elliot,https://www.imdb.com/title/tt0978762/
Into the Wild,2007,2h 28min,8.1,Sean Penn,https://www.imdb.com/title/tt0758758/
V for Vendetta,2005,2h 12min,8.1,James McTeigue,https://www.imdb.com/title/tt0434409/
No Country for Old Men,2007,2h 2min,8.1,Ethan Coen,https://www.imdb.com/title/tt0477348/
How to Train Your Dragon,2010,1h 38min,8.1,Dean DeBlois,https://www.imdb.com/title/tt0892769/
Hachi: A Dog's Tale,2009,1h 33min,8.1,Lasse Hallström,https://www.imdb.com/title/tt1028532/
Departures,2008,2h 10min,8.1,Yôjirô Takita,https://www.imdb.com/title/tt1069238/
Gran Torino,2008,1h 56min,8.1,Clint Eastwood,https://www.imdb.com/title/tt1205489/
A Wednesday,2008,1h 44min,8.1,Neeraj Pandey,https://www.imdb.com/title/tt1280558/
Warrior,2011,2h 20min,8.1,Gavin O'Connor,https://www.imdb.com/title/tt1291584/
Harry Potter and the Deathly Hallows: Part 2,2011,2h 10min,8.1,David Yates,https://www.imdb.com/title/tt1201607/
Zack Snyder's Justice League,2021,4h 2min,8.1,Zack Snyder,https://www.imdb.com/title/tt12361974/
Mad Max: Fury Road,2015,2h,8.1,George Miller,https://www.imdb.com/title/tt1392190/
Prisoners,2013,2h 33min,8.1,Denis Villeneuve,https://www.imdb.com/title/tt1392214/
Udaan,2010,2h 14min,8.1,Vikramaditya Motwane,https://www.imdb.com/title/tt1639426/
Kahaani,2012,2h 2min,8.1,Sujoy Ghosh,https://www.imdb.com/title/tt1821480/
Ford v Ferrari,2019,2h 32min,8.1,James Mangold,https://www.imdb.com/title/tt1950186/
Rush,2013,2h 3min,8.1,Ron Howard,https://www.imdb.com/title/tt1979320/
Spotlight,2015,2h 9min,8.1,Tom McCarthy,https://www.imdb.com/title/tt1895587/
Song of the Sea,2014,1h 33min,8.1,Tomm Moore,https://www.imdb.com/title/tt1865505/
12 Years a Slave,2013,2h 14min,8.1,Steve McQueen,https://www.imdb.com/title/tt2024544/
Inside Out,2015,1h 35min,8.1,Pete Docter,https://www.imdb.com/title/tt2096673/
Barfi!,2012,2h 31min,8.1,Anurag Basu,https://www.imdb.com/title/tt2082197/
Hacksaw Ridge,2016,2h 19min,8.1,Mel Gibson,https://www.imdb.com/title/tt2119532/
Wolf Children,2012,1h 57min,8.1,Mamoru Hosoda,https://www.imdb.com/title/tt2140203/
Gone Girl,2014,2h 29min,8.1,David Fincher,https://www.imdb.com/title/tt2267998/
OMG: Oh My God!,2012,2h 5min,8.1,Umesh Shukla,https://www.imdb.com/title/tt2283748/
PK,2014,2h 33min,8.1,Rajkumar Hirani,https://www.imdb.com/title/tt2338151/
Winter Sleep,2014,3h 16min,8.1,Nuri Bilge Ceylan,https://www.imdb.com/title/tt2758880/
Soul,2020,1h 40min,8.1,Pete Docter,https://www.imdb.com/title/tt2948372/
The Grand Budapest Hotel,2014,1h 39min,8.1,Wes Anderson,https://www.imdb.com/title/tt2278388/
Room,2015,1h 58min,8.1,Lenny Abrahamson,https://www.imdb.com/title/tt3170832/
Wild Tales,2014,2h 2min,8.1,Damián Szifron,https://www.imdb.com/title/tt3011894/
Logan,2017,2h 17min,8.1,James Mangold,https://www.imdb.com/title/tt3315342/
Mommy,2014,2h 19min,8.1,Xavier Dolan,https://www.imdb.com/title/tt3612616/
Haider,2014,2h 40min,8.1,Vishal Bhardwaj,https://www.imdb.com/title/tt3390572/
The Handmaiden,2016,2h 25min,8.1,Park Chan-Wook,https://www.imdb.com/title/tt4016934/
Ran,1985,2h 42min,8.2,Akira Kurosawa,https://www.imdb.com/title/tt0089881/
Raging Bull,1980,2h 9min,8.2,Martin Scorsese,https://www.imdb.com/title/tt0081398/
My Neighbor Totoro,1988,1h 26min,8.2,Hayao Miyazaki,https://www.imdb.com/title/tt0096283/
Indiana Jones and the Last Crusade,1989,2h 7min,8.2,Steven Spielberg,https://www.imdb.com/title/tt0097576/
Time of the Gypsies,1988,2h 22min,8.2,Emir Kusturica,https://www.imdb.com/title/tt0097223/
Die Hard,1988,2h 12min,8.2,John McTiernan,https://www.imdb.com/title/tt0095016/
Unforgiven,1992,2h 10min,8.2,Clint Eastwood,https://www.imdb.com/title/tt0105695/
Casino,1995,2h 58min,8.2,Martin Scorsese,https://www.imdb.com/title/tt0112641/
Heat,1995,2h 50min,8.2,Michael Mann,https://www.imdb.com/title/tt0113277/
The Bandit,1996,2h 8min,8.2,Yavuz Turgul,https://www.imdb.com/title/tt0116231/
L.A. Confidential,1997,2h 18min,8.2,Curtis Hanson,https://www.imdb.com/title/tt0119488/
"Lock, Stock and Two Smoking Barrels",1998,1h 47min,8.2,Guy Ritchie,https://www.imdb.com/title/tt0120735/
A Beautiful Mind,2001,2h 15min,8.2,Ron Howard,https://www.imdb.com/title/tt0268978/
Howl's Moving Castle,2004,1h 59min,8.2,Hayao Miyazaki,https://www.imdb.com/title/tt0347149/
Hera Pheri,2000,2h 36min,8.2,Priyadarshan,https://www.imdb.com/title/tt0242519/
Swades,2004,3h 9min,8.2,Ashutosh Gowariker,https://www.imdb.com/title/tt0367110/
Downfall,2004,2h 36min,8.2,Oliver Hirschbiegel,https://www.imdb.com/title/tt0363163/
Batman Begins,2005,2h 20min,8.2,Christopher Nolan,https://www.imdb.com/title/tt0372784/
Pan's Labyrinth,2006,1h 58min,8.2,Guillermo del Toro,https://www.imdb.com/title/tt0457430/
Black,2005,2h 2min,8.2,Sanjay Leela Bhansali,https://www.imdb.com/title/tt0375611/
There Will Be Blood,2007,2h 38min,8.2,Paul Thomas Anderson,https://www.imdb.com/title/tt0469494/
Toy Story 3,2010,1h 43min,8.2,Lee Unkrich,https://www.imdb.com/title/tt0435761/
Chak De! India,2007,2h 33min,8.2,Shimit Amin,https://www.imdb.com/title/tt0871510/
Miracle in Cell No. 7,2019,2h 12min,8.2,Mehmet Ada Öztekin,https://www.imdb.com/title/tt10431500/
The Wolf of Wall Street,2013,3h,8.2,Martin Scorsese,https://www.imdb.com/title/tt0993846/
Article 15,2019,2h 10min,8.2,Anubhav Sinha,https://www.imdb.com/title/tt10324144/
Up,2009,1h 36min,8.2,Pete Docter,https://www.imdb.com/title/tt1049413/
The Secret in Their Eyes,2009,2h 9min,8.2,Juan José Campanella,https://www.imdb.com/title/tt1305806/
Shutter Island,2010,2h 18min,8.2,Martin Scorsese,https://www.imdb.com/title/tt1130884/
Paan Singh Tomar,2012,2h 15min,8.2,Tigmanshu Dhulia,https://www.imdb.com/title/tt1620933/
Bhaag Milkha Bhaag,2013,3h 6min,8.2,Rakeysh Omprakash Mehra,https://www.imdb.com/title/tt2356180/
Gangs of Wasseypur,2012,5h 21min,8.2,Anurag Kashyap,https://www.imdb.com/title/tt1954470/
Zindagi Na Milegi Dobara,2011,2h 35min,8.2,Zoya Akhtar,https://www.imdb.com/title/tt1562872/
Tangerines,2013,1h 27min,8.2,Zaza Urushadze,https://www.imdb.com/title/tt2991224/
Queen,2013,2h 26min,8.2,Vikas Bahl,https://www.imdb.com/title/tt3322420/
Talvar,2015,2h 12min,8.2,Meghna Gulzar,https://www.imdb.com/title/tt4934950/
Drishyam,2015,2h 43min,8.2,Nishikant Kamat,https://www.imdb.com/title/tt4430212/
A Silent Voice: The Movie,2016,2h 10min,8.2,Naoko Yamada,https://www.imdb.com/title/tt5323662/
K.G.F: Chapter 1,2018,2h 36min,8.2,Prashanth Neel,https://www.imdb.com/title/tt7838252/
Baahubali 2: The Conclusion,2017,2h 47min,8.2,S.S. Rajamouli,https://www.imdb.com/title/tt4849438/
Klaus,2019,1h 36min,8.2,Sergio Pablos,https://www.imdb.com/title/tt4729430/
Andhadhun,2018,2h 19min,8.2,Sriram Raghavan,https://www.imdb.com/title/tt8108198/
Metropolis,1927,2h 33min,8.3,Fritz Lang,https://www.imdb.com/title/tt0017136/
The Kid,1921,1h 8min,8.3,Charles Chaplin,https://www.imdb.com/title/tt0012349/
Citizen Kane,1941,1h 59min,8.3,Orson Welles,https://www.imdb.com/title/tt0033467/
Double Indemnity,1944,1h 47min,8.3,Billy Wilder,https://www.imdb.com/title/tt0036775/
Uri: The Surgical Strike,2018,2h 18min,8.2,Aditya Dhar,https://www.imdb.com/title/tt8291224/
M,1931,1h 39min,8.3,Fritz Lang,https://www.imdb.com/title/tt0022100/
Ikiru,1952,2h 23min,8.3,Akira Kurosawa,https://www.imdb.com/title/tt0044741/
Green Book,2018,2h 10min,8.2,Peter Farrelly,https://www.imdb.com/title/tt6966692/
Bicycle Thieves,1948,1h 29min,8.3,Vittorio De Sica,https://www.imdb.com/title/tt0040522/
Singin' in the Rain,1952,1h 43min,8.3,Stanley Donen,https://www.imdb.com/title/tt0045152/
Vertigo,1958,2h 8min,8.3,Alfred Hitchcock,https://www.imdb.com/title/tt0052357/
Lawrence of Arabia,1962,3h 48min,8.3,David Lean,https://www.imdb.com/title/tt0056172/
North by Northwest,1959,2h 16min,8.3,Alfred Hitchcock,https://www.imdb.com/title/tt0053125/
The Apartment,1960,2h 5min,8.3,Billy Wilder,https://www.imdb.com/title/tt0053604/
Anand,1971,2h 2min,8.3,Hrishikesh Mukherjee,https://www.imdb.com/title/tt0066763/
To Kill a Mockingbird,1962,2h 9min,8.3,Robert Mulligan,https://www.imdb.com/title/tt0056592/
A Clockwork Orange,1971,2h 16min,8.3,Stanley Kubrick,https://www.imdb.com/title/tt0066921/
Taxi Driver,1976,1h 54min,8.3,Martin Scorsese,https://www.imdb.com/title/tt0075314/
The Sting,1973,2h 9min,8.3,George Roy Hill,https://www.imdb.com/title/tt0070735/
Das Boot,1981,2h 29min,8.3,Wolfgang Petersen,https://www.imdb.com/title/tt0082096/
Star Wars: Episode VI - Return of the Jedi,1983,2h 11min,8.3,Richard Marquand,https://www.imdb.com/title/tt0086190/
Scarface,1983,2h 50min,8.3,Brian De Palma,https://www.imdb.com/title/tt0086250/
Amadeus,1984,2h 40min,8.3,Milos Forman,https://www.imdb.com/title/tt0086879/
Come and See,1985,2h 22min,8.3,Elem Klimov,https://www.imdb.com/title/tt0091251/
Aliens,1986,2h 17min,8.3,James Cameron,https://www.imdb.com/title/tt0090605/
2001: A Space Odyssey,1968,2h 29min,8.3,Stanley Kubrick,https://www.imdb.com/title/tt0062622/
Reservoir Dogs,1992,1h 39min,8.3,Quentin Tarantino,https://www.imdb.com/title/tt0105236/
Braveheart,1995,2h 58min,8.3,Mel Gibson,https://www.imdb.com/title/tt0112573/
Good Will Hunting,1997,2h 6min,8.3,Gus Van Sant,https://www.imdb.com/title/tt0119217/
Toy Story,1995,1h 21min,8.3,John Lasseter,https://www.imdb.com/title/tt0114709/
American Beauty,1999,2h 2min,8.3,Sam Mendes,https://www.imdb.com/title/tt0169547/
Full Metal Jacket,1987,1h 56min,8.3,Stanley Kubrick,https://www.imdb.com/title/tt0093058/
Requiem for a Dream,2000,1h 42min,8.3,Darren Aronofsky,https://www.imdb.com/title/tt0180093/
Gladiator,2000,2h 35min,8.5,Ridley Scott,https://www.imdb.com/title/tt0172495/
The Departed,2006,2h 31min,8.5,Martin Scorsese,https://www.imdb.com/title/tt0407887/
The Prestige,2006,2h 10min,8.5,Christopher Nolan,https://www.imdb.com/title/tt0482571/
The Pianist,2002,2h 30min,8.5,Roman Polanski,https://www.imdb.com/title/tt0253474/
American History X,1998,1h 59min,8.5,Tony Kaye,https://www.imdb.com/title/tt0120586/
Children of Heaven,1997,1h 29min,8.3,Majid Majidi,https://www.imdb.com/title/tt0118849/
Whiplash,2014,1h 46min,8.5,Damien Chazelle,https://www.imdb.com/title/tt2582802/
Raatchasan,2018,2h 50min,8.5,Ram Kumar,https://www.imdb.com/title/tt7060344/
Seven Samurai,1954,3h 27min,8.6,Akira Kurosawa,https://www.imdb.com/title/tt0047478/
It's a Wonderful Life,1946,2h 10min,8.6,Frank Capra,https://www.imdb.com/title/tt0038650/
Hara-Kiri,1962,2h 13min,8.6,Masaki Kobayashi,https://www.imdb.com/title/tt0056058/
Pather Panchali,1955,2h 5min,8.6,Satyajit Ray,https://www.imdb.com/title/tt0048473/
The Intouchables,2011,1h 52min,8.5,Olivier Nakache,https://www.imdb.com/title/tt1675434/
Star Wars: Episode IV - A New Hope,1977,2h 1min,8.6,George Lucas,https://www.imdb.com/title/tt0076759/
The Green Mile,1999,3h 9min,8.6,Frank Darabont,https://www.imdb.com/title/tt0120689/
Life Is Beautiful,1997,1h 56min,8.6,Roberto Benigni,https://www.imdb.com/title/tt0118799/
Spirited Away,2001,2h 5min,8.6,Hayao Miyazaki,https://www.imdb.com/title/tt0245429/
Saving Private Ryan,1998,2h 49min,8.6,Steven Spielberg,https://www.imdb.com/title/tt0120815/
Interstellar,2014,2h 49min,8.6,Christopher Nolan,https://www.imdb.com/title/tt0816692/
One Flew Over the Cuckoo's Nest,1975,2h 13min,8.7,Milos Forman,https://www.imdb.com/title/tt0073486/
Parasite,2019,2h 12min,8.6,Bong Joon Ho,https://www.imdb.com/title/tt6751668/
Se7en,1995,2h 7min,8.6,David Fincher,https://www.imdb.com/title/tt0114369/
Goodfellas,1990,2h 26min,8.7,Martin Scorsese,https://www.imdb.com/title/tt0099685/
Star Wars: Episode V - The Empire Strikes Back,1980,2h 4min,8.7,Irvin Kershner,https://www.imdb.com/title/tt0080684/
The Silence of the Lambs,1991,1h 58min,8.6,Jonathan Demme,https://www.imdb.com/title/tt0102926/
The Matrix,1999,2h 16min,8.7,Lana Wachowski,https://www.imdb.com/title/tt0133093/
City of God,2002,2h 10min,8.6,Fernando Meirelles,https://www.imdb.com/title/tt0317248/
The Lord of the Rings: The Two Towers,2002,2h 59min,8.7,Peter Jackson,https://www.imdb.com/title/tt0167261/
"The Good, the Bad and the Ugly",1966,2h 58min,8.8,Sergio Leone,https://www.imdb.com/title/tt0060196/
Drishyam 2,2021,2h 32min,8.7,Jeethu Joseph,https://www.imdb.com/title/tt12361178/
Fight Club,1999,2h 19min,8.8,David Fincher,https://www.imdb.com/title/tt0137523/
Forrest Gump,1994,2h 22min,8.8,Robert Zemeckis,https://www.imdb.com/title/tt0109830/
The Lord of the Rings: The Fellowship of the Ring,2001,2h 58min,8.8,Peter Jackson,https://www.imdb.com/title/tt0120737/
Schindler's List,1993,3h 15min,8.9,Steven Spielberg,https://www.imdb.com/title/tt0108052/
The Lord of the Rings: The Return of the King,2003,3h 21min,8.9,Peter Jackson,https://www.imdb.com/title/tt0167260/
Pulp Fiction,1994,2h 34min,8.9,Quentin Tarantino,https://www.imdb.com/title/tt0110912/
Inception,2010,2h 28min,8.8,Christopher Nolan,https://www.imdb.com/title/tt1375666/
Soorarai Pottru,2020,2h 33min,9.1,Sudha Kongara,https://www.imdb.com/title/tt10189514/
The Godfather: Part II,1974,3h 22min,9,Francis Ford Coppola,https://www.imdb.com/title/tt0071562/
The Dark Knight,2008,2h 32min,9,Christopher Nolan,https://www.imdb.com/title/tt0468569/
12 Angry Men,1957,1h 36min,9,Sidney Lumet,https://www.imdb.com/title/tt0050083/
The Godfather,1972,2h 55min,9.2,Francis Ford Coppola,https://www.imdb.com/title/tt0068646/
